0,1,2,3,4
2012.08.01szerda,31,19,2.8,Napos
2012.08.02csütörtök,31,19,2.2,Napos
2012.08.03péntek,32,20,1.7,Részben felhõs
2012.08.04szombat,32,21,2.2,Napos
2012.08.05vasárnap,33,22,5,Napos
2012.08.06hétfő,34,19,5.8,Napos
2012.08.07kedd,27,17,7.5,Napos
2012.08.08szerda,28,15,5,Napos
2012.08.09csütörtök,27,15,3.9,Napos
2012.08.10péntek,25,13,5.3,Napos
2012.08.11szombat,22,12,6.1,Könnyû esõzuhany
2012.08.12vasárnap,23,11,3.1,Részben felhõs
2012.08.13hétfő,24,13,2.8,Hûvös esõ a közelben
2012.08.14kedd,24,13,6.1,Napos
2012.08.15szerda,25,13,4.4,Napos
2012.08.16csütörtök,29,16,2.5,Napos
2012.08.17péntek,29,16,2.5,Részben felhõs
2012.08.18szombat,30,17,1.7,Napos
2012.08.19vasárnap,32,20,1.7,Napos
2012.08.20hétfő,34,20,2.5,Napos
2012.08.21kedd,33,20,2.8,Felhõs
2012.08.22szerda,34,22,2.8,Napos
2012.08.23csütörtök,34,21,2.5,Napos
2012.08.24péntek,34,21,6.1,Napos
2012.08.25szombat,33,21,3.3,Napos
2012.08.26vasárnap,27,15,8.9,Napos
2012.08.27hétfő,23,11,7.5,Részben felhõs
2012.08.28kedd,28,13,2.8,Napos
2012.08.29szerda,29,16,1.4,Napos
2012.08.30csütörtök,30,17,2.2,Napos
2012.08.31péntek,29,18,4.7,Napos
2012.12.01szombat,5,1,3.3,Napos
2012.12.02vasárnap,2,-3,4.7,Könnyû hó
2012.12.03hétfő,1,-5,6.7,Napos
2012.12.04kedd,3,-2,5.6,Részben felhõs
2012.12.05szerda,1,-3,4.4,Részben felhõs
2012.12.06csütörtök,3,-4,6.1,Napos
2012.12.07péntek,-1,-6,4.7,Napos
2012.12.08szombat,-4,-5,7.2,Részben felhõs
2012.12.09vasárnap,-3,-7,6.7,Napos
2012.12.10hétfő,-2,-4,2.8,Felhõs
2012.12.11kedd,-1,-8,4.2,Felhõs
2012.12.12szerda,-3,-8,6.9,Részben felhõs
2012.12.13csütörtök,-3,-6,3.9,Napos
2012.12.14péntek,-3,-5,4.4,Felhõs
2012.12.15szombat,1,-1,5.6,Mérsékelt esõ
2012.12.16vasárnap,4,1,2.8,Köd
2012.12.17hétfő,2,-1,2.8,Könnyû szitálás
2012.12.18kedd,1,-1,2.5,Könnyû esõ
2012.12.19szerda,2,-3,3.1,Könnyû szitálás
2012.12.20csütörtök,3,-1,1.9,Részben felhõs
2012.12.21péntek,1,-2,1.7,Napos
2012.12.22szombat,2,-3,1.9,Napos
2012.12.23vasárnap,0,-3,3.3,Enyhe havazás
2012.12.24hétfő,2,0,3.1,Köd
2012.12.25kedd,4,2,5,Részben felhõs
2012.12.26szerda,5,1,3.6,Köd
2012.12.27csütörtök,4,-1,5,Köd
2012.12.28péntek,5,-2,4.7,Felhõs
2012.12.29szombat,2,-2,3.3,Napos
2012.12.30vasárnap,3,0,2.5,Napos
2012.12.31hétfő,4,-2,2.5,Napos
2012.06.01péntek,21,9,8.1,Részben felhõs
2012.06.02szombat,20,13,4.7,Részben felhõs
2012.06.03vasárnap,26,16,6.4,Napos
2012.06.04hétfő,25,13,5,Részben felhõs
2012.06.05kedd,19,7,9.2,Hûvös esõ a közelben
2012.06.06szerda,21,13,3.9,Napos
2012.06.07csütörtök,25,15,3.1,Napos
2012.06.08péntek,26,17,3.6,Részben felhõs
2012.06.09szombat,27,17,3.3,Napos
2012.06.10vasárnap,24,15,5.6,Mérsékelt vagy heves esõzuhany
2012.06.11hétfő,23,14,4.2,Könnyû esõzuhany
2012.06.12kedd,24,12,5.3,Hûvös esõ a közelben
2012.06.13szerda,20,10,5.6,Részben felhõs
2012.06.14csütörtök,22,12,5.3,Napos
2012.06.15péntek,25,14,2.2,Hûvös esõ a közelben
2012.06.16szombat,29,16,3.1,Napos
2012.06.17vasárnap,32,20,2.2,Napos
2012.06.18hétfő,32,18,3.3,Napos
2012.06.19kedd,32,19,3.1,Napos
2012.06.20szerda,31,19,4.2,Napos
2012.06.21csütörtök,32,21,2.8,Napos
2012.06.22péntek,28,17,6.1,Napos
2012.06.23szombat,29,16,2.8,Napos
2012.06.24vasárnap,30,16,2.2,Napos
2012.06.25hétfő,24,12,5.6,Könnyû szitálás
2012.06.26kedd,22,12,6.1,Részben felhõs
2012.06.27szerda,23,14,5.3,Napos
2012.06.28csütörtök,27,16,4.2,Hûvös esõ a közelben
2012.06.29péntek,30,19,2.2,Részben felhõs
2012.06.30szombat,33,21,2.8,Napos
2012.05.01kedd,28,16,3.1,Részben felhõs
2012.05.02szerda,29,16,3.3,Napos
2012.05.03csütörtök,28,14,3.9,Könnyû esõ a mennydörgésnek
2012.05.04péntek,22,11,5,Hûvös esõ a közelben
2012.05.05szombat,23,11,5.6,Napos
2012.05.06vasárnap,22,12,6.1,Napos
2012.05.07hétfő,15,8,4.2,Mérsékelt esõ
2012.05.08kedd,24,9,2.5,Napos
2012.05.09szerda,25,11,1.9,Napos
2012.05.10csütörtök,27,14,1.1,Napos
2012.05.11péntek,30,13,1.9,Napos
2012.05.12szombat,27,9,7.2,Napos
2012.05.13vasárnap,15,6,4.7,Részben felhõs
2012.05.14hétfő,14,7,6.7,Részben felhõs
2012.05.15kedd,15,7,2.5,Könnyû esõ
2012.05.16szerda,18,6,8.1,Részben felhõs
2012.05.17csütörtök,16,4,7.5,Napos
2012.05.18péntek,19,6,2.2,Napos
2012.05.19szombat,25,10,1.9,Napos
2012.05.20vasárnap,25,13,2.8,Napos
2012.05.21hétfő,25,15,5.8,Napos
2012.05.22kedd,22,14,3.9,"Hûvös, könnyû szitálás"
2012.05.23szerda,25,14,4.7,Könnyû esõ a mennydörgésnek
2012.05.24csütörtök,25,13,5.6,Hûvös esõ a közelben
2012.05.25péntek,21,11,6.7,Napos
2012.05.26szombat,21,9,4.7,Napos
2012.05.27vasárnap,21,9,3.6,Napos
2012.05.28hétfő,21,11,3.6,Könnyû esõ a mennydörgésnek
2012.05.29kedd,23,12,3.1,Részben felhõs
2012.05.30szerda,23,11,6.4,Napos
2012.05.31csütörtök,24,14,3.9,Részben felhõs
2012.01.01vasárnap,3,-1,2.8,Felhõs
2012.01.02hétfő,4,0,4.4,Napos
2012.01.03kedd,6,1,3.9,Részben felhõs
2012.01.04szerda,6,1,5.8,Felhõs
2012.01.05csütörtök,4,0,10,"Hûvös, könnyû szitálás"
2012.01.06péntek,5,0,12.2,Részben felhõs
2012.01.07szombat,4,-1,7.8,Részben felhõs
2012.01.08vasárnap,4,0,4.4,Felhõs
2012.01.09hétfő,4,-1,4.7,Napos
2012.01.10kedd,3,-1,4.2,Könnyû szitálás
2012.01.11szerda,3,-1,4.4,Napos
2012.01.12csütörtök,6,1,5,Napos
2012.01.13péntek,5,1,10.6,Részben felhõs
2012.01.14szombat,2,-1,10.3,Felhõs
2012.01.15vasárnap,2,-3,9.4,Részben felhõs
2012.01.16hétfő,1,-3,3.3,Napos
2012.01.17kedd,0,-5,3.6,Enyhe havazás
2012.01.18szerda,1,-2,2.5,Felhõs
2012.01.19csütörtök,2,-2,7.2,"Hûvös, könnyû szitálás"
2012.01.20péntek,3,-1,8.9,Könnyû esõ
2012.01.21szombat,2,-2,6.4,Napos
2012.01.22vasárnap,4,1,8.9,Napos
2012.01.23hétfő,6,1,9.7,Napos
2012.01.24kedd,4,1,3.9,Felhõs
2012.01.25szerda,2,-2,6.4,Napos
2012.01.26csütörtök,1,-3,4.7,Napos
2012.01.27péntek,1,-4,2.2,Napos
2012.01.28szombat,-1,-5,2.5,Napos
2012.01.29vasárnap,-1,-5,3.6,Napos
2012.01.30hétfő,-3,-6,5.3,Napos
2012.01.31kedd,-4,-9,4.7,Napos
2012.03.01csütörtök,10,1,2.5,Részben felhõs
2012.03.02péntek,12,5,5.8,Napos
2012.03.03szombat,11,1,3.9,Napos
2012.03.04vasárnap,7,0,2.5,Részben felhõs
2012.03.05hétfő,6,-1,2.8,Napos
2012.03.06kedd,6,-2,5,Napos
2012.03.07szerda,5,-2,2.8,Napos
2012.03.08csütörtök,4,-3,2.8,Felhõs
2012.03.09péntek,8,-1,1.9,Napos
2012.03.10szombat,9,1,2.2,Napos
2012.03.11vasárnap,10,1,10.3,Felhõs
2012.03.12hétfő,9,0,4.7,Részben felhõs
2012.03.13kedd,12,3,4.2,Napos
2012.03.14szerda,12,3,5.3,Részben felhõs
2012.03.15csütörtök,13,6,3.9,Napos
2012.03.16péntek,16,5,3.6,Napos
2012.03.17szombat,17,7,4.4,Napos
2012.03.18vasárnap,18,7,7.2,Napos
2012.03.19hétfő,15,4,6.7,Napos
2012.03.20kedd,15,6,3.3,Napos
2012.03.21szerda,17,7,3.1,Napos
2012.03.22csütörtök,20,8,2.2,Napos
2012.03.23péntek,19,8,1.9,Napos
2012.03.24szombat,20,8,1.9,Napos
2012.03.25vasárnap,19,8,6.1,Napos
2012.03.26hétfő,15,4,3.6,Napos
2012.03.27kedd,15,6,6.1,Napos
2012.03.28szerda,18,8,4.7,Napos
2012.03.29csütörtök,15,5,10.8,Részben felhõs
2012.03.30péntek,13,6,10,Napos
2012.03.31szombat,13,1,11.4,Részben felhõs
2012.11.01csütörtök,8,5,6.1,Könnyû szitálás
2012.11.02péntek,13,5,3.3,Könnyû esõ
2012.11.03szombat,14,9,4.2,Részben felhõs
2012.11.04vasárnap,17,12,5.8,Részben felhõs
2012.11.05hétfő,14,5,6.4,Könnyû esõ
2012.11.06kedd,11,3,6.7,Felhõs
2012.11.07szerda,9,5,7.5,Részben felhõs
2012.11.08csütörtök,12,6,4.2,Napos
2012.11.09péntek,11,4,5.6,Napos
2012.11.10szombat,10,5,5,Napos
2012.11.11vasárnap,11,7,4.7,Napos
2012.11.12hétfő,13,9,1.9,Felhõs
2012.11.13kedd,11,5,2.8,Könnyû szitálás
2012.11.14szerda,9,2,2.5,Napos
2012.11.15csütörtök,10,3,1.9,Napos
2012.11.16péntek,10,3,1.9,Napos
2012.11.17szombat,9,4,2.8,Részben felhõs
2012.11.18vasárnap,9,6,2.8,Felhõs
2012.11.19hétfő,10,4,2.5,Részben felhõs
2012.11.20kedd,11,3,2.2,Napos
2012.11.21szerda,10,4,1.9,Részben felhõs
2012.11.22csütörtök,8,4,1.7,Felhõs
2012.11.23péntek,9,3,1.9,Könnyû szitálás
2012.11.24szombat,10,3,1.9,Részben felhõs
2012.11.25vasárnap,10,4,2.5,Napos
2012.11.26hétfő,8,4,3.1,Felhõs
2012.11.27kedd,12,6,5.8,Napos
2012.11.28szerda,10,7,4.2,Napos
2012.11.29csütörtök,13,3,6.7,Napos
2012.11.30péntek,6,0,4.7,Részben felhõs
2012.09.01szombat,29,17,2.5,Napos
2012.09.02vasárnap,30,18,3.3,Napos
2012.09.03hétfő,33,18,1.7,Napos
2012.09.04kedd,31,18,1.9,Részben felhõs
2012.09.05szerda,31,18,2.2,Részben felhõs
2012.09.06csütörtök,27,12,6.4,Napos
2012.09.07péntek,24,14,3.9,Napos
2012.09.08szombat,27,16,4.7,Napos
2012.09.09vasárnap,29,16,2.8,Napos
2012.09.10hétfő,29,15,2.8,Napos
2012.09.11kedd,29,16,4.4,Napos
2012.09.12szerda,28,13,4.7,Napos
2012.09.13csütörtök,21,14,4.7,Részben felhõs
2012.09.14péntek,22,14,3.9,Részben felhõs
2012.09.15szombat,22,13,6.7,Napos
2012.09.16vasárnap,23,11,2.5,Napos
2012.09.17hétfő,25,13,1.7,Napos
2012.09.18kedd,26,15,2.8,Részben felhõs
2012.09.19szerda,26,10,5.3,Könnyû esõzuhany
2012.09.20csütörtök,16,9,6.4,Részben felhõs
2012.09.21péntek,20,9,2.2,Napos
2012.09.22szombat,20,12,3.6,Részben felhõs
2012.09.23vasárnap,22,13,2.8,Napos
2012.09.24hétfő,25,14,4.4,Részben felhõs
2012.09.25kedd,25,14,5,Napos
2012.09.26szerda,26,17,6.9,Napos
2012.09.27csütörtök,28,16,5.8,Napos
2012.09.28péntek,22,14,4.7,Részben felhõs
2012.09.29szombat,25,17,3.3,Napos
2012.09.30vasárnap,24,15,3.9,Napos
2012.10.01hétfő,25,16,2.5,Napos
2012.10.02kedd,23,13,3.9,A közelben vihogó kitörések
2012.10.03szerda,20,14,5,Napos
2012.10.04csütörtök,22,13,2.2,Részben felhõs
2012.10.05péntek,20,11,3.9,Napos
2012.10.06szombat,23,14,3.6,Napos
2012.10.07vasárnap,22,8,6.7,Részben felhõs
2012.10.08hétfő,15,6,6.1,Napos
2012.10.09kedd,16,7,4.7,Részben felhõs
2012.10.10szerda,16,7,3.3,Napos
2012.10.11csütörtök,16,8,2.8,Napos
2012.10.12péntek,16,9,3.9,Részben felhõs
2012.10.13szombat,17,10,2.2,Részben felhõs
2012.10.14vasárnap,15,11,3.1,Felhõs
2012.10.15hétfő,20,12,3.9,Részben felhõs
2012.10.16kedd,16,7,4.2,Könnyû szitálás
2012.10.17szerda,17,9,3.9,Napos
2012.10.18csütörtök,17,9,3.9,Napos
2012.10.19péntek,19,10,2.5,Napos
2012.10.20szombat,21,11,1.7,Napos
2012.10.21vasárnap,21,12,2.5,Napos
2012.10.22hétfő,23,12,0.8,Napos
2012.10.23kedd,20,9,2.2,Napos
2012.10.24szerda,18,8,1.4,Napos
2012.10.25csütörtök,15,8,3.1,Napos
2012.10.26péntek,12,9,3.3,Részben felhõs
2012.10.27szombat,14,5,7.2,Könnyû esõ
2012.10.28vasárnap,6,2,5.8,Könnyû esõ
2012.10.29hétfő,4,-1,3.6,Enyhe havazás
2012.10.30kedd,5,1,5,Napos
2012.10.31szerda,7,2,4.4,Napos
2012.02.01szerda,-5,-8,5,Részben felhõs
2012.02.02csütörtök,-7,-11,4.2,Részben felhõs
2012.02.03péntek,-7,-12,4.4,Felhõs
2012.02.04szombat,-8,-10,5,Mérsékelt hó
2012.02.05vasárnap,-8,-13,2.2,Felhõs
2012.02.06hétfő,-8,-12,4.4,Felhõs
2012.02.07kedd,-6,-11,4.4,Enyhe havazás
2012.02.08szerda,-8,-18,2.2,Napos
2012.02.09csütörtök,-8,-16,2.2,Részben felhõs
2012.02.10péntek,-7,-15,2.2,Részben felhõs
2012.02.11szombat,-7,-15,3.9,Részben felhõs
2012.02.12vasárnap,-5,-15,3.1,Részben felhõs
2012.02.13hétfő,-5,-10,3.6,Napos
2012.02.14kedd,-4,-11,2.8,Napos
2012.02.15szerda,0,-9,10.3,Hófúvás
2012.02.16csütörtök,-1,-7,10.8,Részben felhõs
2012.02.17péntek,1,-6,6.1,Mérsékelt hó
2012.02.18szombat,1,-2,5.3,Köd
2012.02.19vasárnap,1,-2,4.7,Könnyû hó
2012.02.20hétfő,2,-1,3.3,Köd
2012.02.21kedd,4,-3,2.5,Napos
2012.02.22szerda,4,-3,2.5,Napos
2012.02.23csütörtök,4,-1,5.8,Napos
2012.02.24péntek,6,1,7.5,Részben felhõs
2012.02.25szombat,11,4,6.4,Részben felhõs
2012.02.26vasárnap,7,-1,7.8,Részben felhõs
2012.02.27hétfő,3,-2,6.4,Napos
2012.02.28kedd,1,-1,2.8,Enyhe havazás
2012.02.29szerda,10,2,7.2,Napos
2012.07.01vasárnap,33,20,4.2,Napos
2012.07.02hétfő,33,20,3.3,Napos
2012.07.03kedd,33,18,4.2,Napos
2012.07.04szerda,34,18,3.3,Napos
2012.07.05csütörtök,34,19,2.2,Napos
2012.07.06péntek,34,22,3.1,Napos
2012.07.07szombat,34,21,2.8,Napos
2012.07.08vasárnap,32,20,4.2,Napos
2012.07.09hétfő,31,19,4.2,Hûvös esõ a közelben
2012.07.10kedd,30,18,2.5,Részben felhõs
2012.07.11szerda,31,17,3.6,A közelben vihogó kitörések
2012.07.12csütörtök,25,14,8.1,Napos
2012.07.13péntek,27,12,4.4,Részben felhõs
2012.07.14szombat,29,14,5.3,Hûvös esõ a közelben
2012.07.15vasárnap,24,13,5.3,Hûvös esõ a közelben
2012.07.16hétfő,22,12,7.2,Napos
2012.07.17kedd,22,13,6.4,Részben felhõs
2012.07.18szerda,24,15,5.6,Részben felhõs
2012.07.19csütörtök,29,17,6.4,Napos
2012.07.20péntek,25,14,3.6,Napos
2012.07.21szombat,23,14,5,Felhõs
2012.07.22vasárnap,25,14,4.2,Részben felhõs
2012.07.23hétfő,27,16,5.6,Napos
2012.07.24kedd,29,18,4.4,Napos
2012.07.25szerda,27,19,3.6,A közelben vihogó kitörések
2012.07.26csütörtök,30,19,3.1,Hûvös esõ a közelben
2012.07.27péntek,31,20,1.9,Napos
2012.07.28szombat,32,21,3.1,Napos
2012.07.29vasárnap,33,18,4.7,Napos
2012.07.30hétfő,30,17,3.6,Hûvös esõ a közelben
2012.07.31kedd,29,17,4.4,Részben felhõs
2012.04.01vasárnap,9,1,7.8,Napos
2012.04.02hétfő,14,5,5.8,Napos
2012.04.03kedd,18,9,4.7,Napos
2012.04.04szerda,21,9,5,A közelben vihogó kitörések
2012.04.05csütörtök,23,12,3.1,Napos
2012.04.06péntek,22,8,4.7,Napos
2012.04.07szombat,13,4,4.4,Mérsékelt esõ
2012.04.08vasárnap,9,-1,7.5,Részben felhõs
2012.04.09hétfő,10,0,4.2,Napos
2012.04.10kedd,11,2,4.7,Napos
2012.04.11szerda,15,6,5.3,Felhõs
2012.04.12csütörtök,14,5,5.3,Felhõs
2012.04.13péntek,17,9,3.3,Részben felhõs
2012.04.14szombat,14,8,4.7,Könnyû szitálás
2012.04.15vasárnap,16,7,2.8,Könnyû esõzuhany
2012.04.16hétfő,13,6,6.1,Felhõs
2012.04.17kedd,14,5,5,Részben felhõs
2012.04.18szerda,17,6,2.5,Részben felhõs
2012.04.19csütörtök,17,6,4.4,Részben felhõs
2012.04.20péntek,19,8,4.4,Részben felhõs
2012.04.21szombat,17,7,5.3,Hûvös esõ a közelben
2012.04.22vasárnap,16,7,5.6,Felhõs
2012.04.23hétfő,17,8,4.2,Részben felhõs
2012.04.24kedd,19,9,6.4,Részben felhõs
2012.04.25szerda,16,7,4.4,Napos
2012.04.26csütörtök,20,9,6.1,Napos
2012.04.27péntek,23,11,3.9,Napos
2012.04.28szombat,25,13,5.3,Napos
2012.04.29vasárnap,26,14,6.9,Napos
2012.04.30hétfő,27,14,2.8,Napos
2013.08.03szombat,39,21,2.8,Napos
2013.08.04vasárnap,37,19,3.3,Napos
2013.08.05hétfő,38,21,1.9,Napos
2013.08.06kedd,38,21,2.8,Napos
2013.08.07szerda,37,23,3.6,Napos
2013.08.08csütörtök,39,22,4.2,Napos
2013.08.09péntek,38,20,3.3,Napos
2013.08.10szombat,28,14,7.2,Hûvös esõ a közelben
2013.08.11vasárnap,30,17,3.3,Napos
2013.08.12hétfő,31,17,2.8,Napos
2013.08.13kedd,33,17,6.4,Napos
2013.08.14szerda,21,11,5.3,Részben felhõs
2013.08.15csütörtök,28,13,2.5,Napos
2013.08.16péntek,33,14,1.7,Napos
2013.08.17szombat,34,18,1.9,Napos
2013.08.18vasárnap,36,19,2.8,Napos
2013.08.19hétfő,36,18,3.3,Napos
2013.08.20kedd,33,17,5.8,Részben felhõs
2013.08.21szerda,30,14,3.9,Hûvös esõ a közelben
2013.08.22csütörtök,31,14,1.9,Részben felhõs
2013.08.23péntek,32,16,2.5,Napos
2013.08.24szombat,31,18,4.2,Részben felhõs
2013.08.25vasárnap,28,16,3.9,Felhõs
2013.08.26hétfő,28,14,3.3,Mérsékelt vagy heves esõzuhany
2013.08.27kedd,28,16,2.5,Napos
2013.08.28szerda,27,15,2.8,A közelben vihogó kitörések
2013.08.29csütörtök,26,14,3.9,Részben felhõs
2013.08.30péntek,27,14,2.5,Részben felhõs
2013.08.31szombat,28,15,2.5,Napos
2013.12.01vasárnap,6,-1,3.3,Napos
2013.12.02hétfő,8,-1,3.6,Napos
2013.12.03kedd,4,-2,2.2,Napos
2013.12.04szerda,3,-1,3.6,Részben felhõs
2013.12.05csütörtök,5,-1,6.1,Napos
2013.12.06péntek,4,-1,11.1,Napos
2013.12.07szombat,3,-1,12.8,Felhõs
2013.12.08vasárnap,4,0,5.8,Felhõs
2013.12.09hétfő,6,2,9.2,Könnyû szitálás
2013.12.10kedd,4,-1,4.7,Napos
2013.12.11szerda,4,0,1.4,Napos
2013.12.12csütörtök,7,2,2.2,Napos
2013.12.13péntek,7,-2,1.1,Napos
2013.12.14szombat,6,0,2.5,Napos
2013.12.15vasárnap,4,-1,2.8,Részben felhõs
2013.12.16hétfő,5,-1,1.7,Napos
2013.12.17kedd,4,-3,2.5,Napos
2013.12.18szerda,4,-3,1.9,Napos
2013.12.19csütörtök,0,-3,3.1,Napos
2013.12.20péntek,3,-2,2.5,Napos
2013.12.21szombat,4,-2,3.9,Napos
2013.12.22vasárnap,3,-1,2.8,Részben felhõs
2013.12.23hétfő,5,0,2.2,Részben felhõs
2013.12.24kedd,6,0,3.9,Napos
2013.12.25szerda,7,1,6.4,Napos
2013.12.26csütörtök,6,3,5.6,"Hûvös, könnyû szitálás"
2013.12.27péntek,8,2,3.6,Napos
2013.12.28szombat,9,3,4.7,Részben felhõs
2013.12.29vasárnap,8,3,3.6,Napos
2013.12.30hétfő,8,1,3.6,Részben felhõs
2013.12.31kedd,5,0,2.5,Részben felhõs
2013.06.01szombat,19,9,2.2,Könnyû esõzuhany
2013.06.02vasárnap,19,10,4.7,Könnyû esõzuhany
2013.06.03hétfő,20,9,8.3,Könnyû esõzuhany
2013.06.04kedd,20,11,4.2,Könnyû esõzuhany
2013.06.05szerda,20,12,2.5,Könnyû esõzuhany
2013.06.06csütörtök,22,14,2.2,Könnyû esõzuhany
2013.06.07péntek,26,14,3.6,Könnyû esõ a mennydörgésnek
2013.06.08szombat,29,15,2.5,Napos
2013.06.09vasárnap,27,17,4.7,Napos
2013.06.10hétfő,27,13,5.6,Napos
2013.06.11kedd,21,12,4.7,Hûvös esõ a közelben
2013.06.12szerda,24,12,4.2,Hûvös esõ a közelben
2013.06.13csütörtök,28,15,3.6,Napos
2013.06.14péntek,28,15,3.3,Napos
2013.06.15szombat,30,16,1.7,Napos
2013.06.16vasárnap,31,18,1.7,Napos
2013.06.17hétfő,33,20,1.9,Napos
2013.06.18kedd,36,22,2.2,Napos
2013.06.19szerda,36,21,2.2,Napos
2013.06.20csütörtök,35,21,3.3,Napos
2013.06.21péntek,34,19,3.3,Napos
2013.06.22szombat,34,19,4.2,Napos
2013.06.23vasárnap,30,16,3.3,Napos
2013.06.24hétfő,25,13,6.7,Mérsékelt vagy heves esõzuhany
2013.06.25kedd,20,9,7.5,Felhõs
2013.06.26szerda,19,11,5.6,Részben felhõs
2013.06.27csütörtök,23,10,3.6,Részben felhõs
2013.06.28péntek,24,12,2.2,Részben felhõs
2013.06.29szombat,24,11,3.3,Könnyû esõzuhany
2013.06.30vasárnap,24,10,6.4,Hûvös esõ a közelben
2013.05.01szerda,28,13,3.3,Napos
2013.05.02csütörtök,28,16,4.7,Napos
2013.05.03péntek,25,11,4.4,Hûvös esõ a közelben
2013.05.04szombat,23,13,3.3,Napos
2013.05.05vasárnap,25,14,2.5,Részben felhõs
2013.05.06hétfő,25,16,5.3,A közelben vihogó kitörések
2013.05.07kedd,25,15,5.8,Könnyû esõ a mennydörgésnek
2013.05.08szerda,26,13,3.6,Napos
2013.05.09csütörtök,25,14,3.1,Napos
2013.05.10péntek,25,13,5.8,Napos
2013.05.11szombat,25,12,3.9,Napos
2013.05.12vasárnap,19,10,6.7,Hûvös esõ a közelben
2013.05.13hétfő,18,7,6.7,Napos
2013.05.14kedd,21,8,4.2,Napos
2013.05.15szerda,22,12,2.8,Részben felhõs
2013.05.16csütörtök,24,14,5.6,Részben felhõs
2013.05.17péntek,22,13,5.8,"Hûvös, könnyû szitálás"
2013.05.18szombat,22,13,5.8,Napos
2013.05.19vasárnap,27,11,5.6,Napos
2013.05.20hétfő,22,9,4.4,Napos
2013.05.21kedd,21,12,6.1,Napos
2013.05.22szerda,20,9,3.9,Könnyû esõzuhany
2013.05.23csütörtök,16,8,5.6,"Hûvös, könnyû szitálás"
2013.05.24péntek,20,9,3.1,Részben felhõs
2013.05.25szombat,18,8,3.9,Könnyû esõzuhany
2013.05.26vasárnap,18,6,6.4,Hûvös esõ a közelben
2013.05.27hétfő,14,8,5,Könnyû szitálás
2013.05.28kedd,20,9,5.8,Könnyû esõzuhany
2013.05.29szerda,25,15,4.2,Napos
2013.05.30csütörtök,18,7,5,Mérsékelt vagy heves esõzuhany
2013.05.31péntek,18,6,5.3,Könnyû esõzuhany
2013.01.01kedd,2,-2,3.9,Napos
2013.01.02szerda,2,-1,3.9,Részben felhõs
2013.01.03csütörtök,3,1,6.7,Részben felhõs
2013.01.04péntek,5,3,6.4,Felhõs
2013.01.05szombat,7,0,7.8,Napos
2013.01.06vasárnap,2,-2,5.3,Részben felhõs
2013.01.07hétfő,2,-3,3.6,Napos
2013.01.08kedd,0,-1,2.5,Részben felhõs
2013.01.09szerda,1,-1,2.8,Köd
2013.01.10csütörtök,2,-1,3.3,Köd
2013.01.11péntek,2,-6,5.3,Könnyû hó
2013.01.12szombat,-1,-5,5,Napos
2013.01.13vasárnap,-2,-4,5.3,Felhõs
2013.01.14hétfő,0,-2,6.4,Mérsékelt hó
2013.01.15kedd,1,1,3.1,Könnyû szitálás
2013.01.16szerda,1,-2,3.1,Köd
2013.01.17csütörtök,1,-3,3.9,Köd
2013.01.18péntek,-1,-5,4.4,Enyhe havazás
2013.01.19szombat,-4,-6,3.6,Részben felhõs
2013.01.20vasárnap,1,-2,3.9,Felhõs
2013.01.21hétfő,5,-1,3.9,Könnyû esõ
2013.01.22kedd,0,-5,5.8,"Könnyû, fagyos esõ"
2013.01.23szerda,0,-3,4.7,Enyhe havazás
2013.01.24csütörtök,0,-3,5,Felhõs
2013.01.25péntek,-2,-6,4.4,Napos
2013.01.26szombat,-3,-6,4.2,Felhõs
2013.01.27vasárnap,-3,-4,2.8,Részben felhõs
2013.01.28hétfő,0,-7,2.5,Enyhe havazás
2013.01.29kedd,1,-1,3.6,Köd
2013.01.30szerda,4,2,4.4,"Hûvös, könnyû szitálás"
2013.01.31csütörtök,5,2,8.6,Napos
2013.03.01péntek,7,-1,6.1,Részben felhõs
2013.03.02szombat,7,0,4.2,Napos
2013.03.03vasárnap,8,0,6.4,Napos
2013.03.04hétfő,10,1,3.3,Napos
2013.03.05kedd,8,2,5,Napos
2013.03.06szerda,12,8,4.7,Napos
2013.03.07csütörtök,11,6,4.4,"Hûvös, könnyû szitálás"
2013.03.08péntek,15,7,2.8,Felhõs
2013.03.09szombat,13,7,2.2,Felhõs
2013.03.10vasárnap,13,6,1.9,Felhõs
2013.03.11hétfő,14,5,4.4,Részben felhõs
2013.03.12kedd,13,7,3.1,Részben felhõs
2013.03.13szerda,12,6,3.1,Felhõs
2013.03.14csütörtök,5,-4,6.7,Mérsékelt vagy nehéz hó
2013.03.15péntek,-1,-8,8.6,Enyhe havazás
2013.03.16szombat,1,-3,5.3,Részben felhõs
2013.03.17vasárnap,2,-2,5.6,Napos
2013.03.18hétfő,2,2,7.2,Enyhe havazás
2013.03.19kedd,7,2,9.2,Részben felhõs
2013.03.20szerda,12,6,3.9,Részben felhõs
2013.03.21csütörtök,8,-1,7.2,Könnyû szitálás
2013.03.22péntek,6,-1,8.3,Napos
2013.03.23szombat,4,-4,5,Könnyû havazás
2013.03.24vasárnap,2,-3,5.8,Felhõs
2013.03.25hétfő,1,-3,6.9,Enyhe havazás
2013.03.26kedd,0,-2,5.3,Mérsékelt hó
2013.03.27szerda,3,-1,2.8,Enyhe havazás
2013.03.28csütörtök,4,1,3.3,Részben felhõs
2013.03.29péntek,2,1,5,Nagy esõ
2013.03.30szombat,3,1,3.6,Köd
2013.03.31vasárnap,11,-1,6.1,Könnyû esõzuhany
2013.11.01péntek,16,9,1.7,Napos
2013.11.02szombat,19,11,6.4,Részben felhõs
2013.11.03vasárnap,17,9,7.8,Könnyû esõ
2013.11.04hétfő,14,10,6.7,Felhõs
2013.11.05kedd,14,6,5.8,Könnyû esõ
2013.11.06szerda,13,8,8.6,Napos
2013.11.07csütörtök,17,9,5.8,Részben felhõs
2013.11.08péntek,16,11,2.8,Napos
2013.11.09szombat,17,10,6.1,Részben felhõs
2013.11.10vasárnap,13,7,3.6,Részben felhõs
2013.11.11hétfő,10,5,6.1,Könnyû esõ
2013.11.12kedd,12,5,4.2,Napos
2013.11.13szerda,10,6,3.6,Felhõs
2013.11.14csütörtök,10,5,2.8,Részben felhõs
2013.11.15péntek,12,4,2.5,Napos
2013.11.16szombat,14,5,1.4,Napos
2013.11.17vasárnap,13,5,1.9,Részben felhõs
2013.11.18hétfő,9,3,3.3,"Hûvös, könnyû szitálás"
2013.11.19kedd,10,5,5,Napos
2013.11.20szerda,9,4,4.2,Könnyû esõ
2013.11.21csütörtök,10,4,4.4,Részben felhõs
2013.11.22péntek,11,7,3.9,Felhõs
2013.11.23szombat,12,6,5.6,Részben felhõs
2013.11.24vasárnap,9,3,3.3,Könnyû esõ
2013.11.25hétfő,3,-2,7.8,Enyhe havazás
2013.11.26kedd,4,-2,4.4,Részben felhõs
2013.11.27szerda,4,-2,4.4,Napos
2013.11.28csütörtök,3,-2,5.3,Napos
2013.11.29péntek,6,-1,6.7,Napos
2013.11.30szombat,6,0,3.3,Részben felhõs
2013.09.01vasárnap,26,11,5.8,Részben felhõs
2013.09.02hétfő,23,15,5.8,Napos
2013.09.03kedd,24,11,8.3,Napos
2013.09.04szerda,27,11,2.8,Napos
2013.09.05csütörtök,28,12,2.2,Napos
2013.09.06péntek,28,12,2.8,Napos
2013.09.07szombat,31,14,2.5,Napos
2013.09.08vasárnap,29,14,2.5,Napos
2013.09.09hétfő,20,11,3.3,Idõnként esõs esõ
2013.09.10kedd,26,14,3.1,Napos
2013.09.11szerda,21,13,3.3,Hûvös esõ a közelben
2013.09.12csütörtök,22,10,4.2,Részben felhõs
2013.09.13péntek,19,10,6.4,Részben felhõs
2013.09.14szombat,15,11,6.4,Mérsékelt esõ
2013.09.15vasárnap,25,13,2.8,Részben felhõs
2013.09.16hétfő,25,15,2.2,Részben felhõs
2013.09.17kedd,14,6,7.2,Könnyû esõ
2013.09.18szerda,17,11,5.3,Felhõs
2013.09.19csütörtök,18,8,7.2,Napos
2013.09.20péntek,19,10,4.4,Napos
2013.09.21szombat,20,8,6.9,Részben felhõs
2013.09.23hétfő,21,12,8.9,Részben felhõs
2013.09.24kedd,21,12,6.7,Részben felhõs
2013.09.25szerda,24,13,3.3,Napos
2013.09.26csütörtök,26,9,6.9,Részben felhõs
2013.09.27péntek,19,7,3.3,Napos
2013.09.28szombat,20,8,1.7,Napos
2013.09.29vasárnap,17,9,4.7,Részben felhõs
2013.09.30hétfő,14,9,5.8,Könnyû szitálás
2013.10.01kedd,19,5,3.9,Napos
2013.10.02szerda,15,3,5,Részben felhõs
2013.10.03csütörtök,15,3,4.4,Napos
2013.10.04péntek,15,3,2.5,Napos
2013.10.05szombat,15,3,3.3,Napos
2013.10.06vasárnap,18,7,2.2,Napos
2013.10.07hétfő,21,6,1.7,Napos
2013.10.08kedd,22,8,2.5,Napos
2013.10.09szerda,18,11,2.8,"Hûvös, könnyû szitálás"
2013.10.10csütörtök,19,11,3.6,Felhõs
2013.10.11péntek,21,11,5.8,Napos
2013.10.12szombat,23,13,4.2,Napos
2013.10.13vasárnap,24,10,3.3,Részben felhõs
2013.10.14hétfő,22,13,1.9,Felhõs
2013.10.15kedd,20,11,3.6,Hûvös esõ a közelben
2013.10.16szerda,13,7,6.7,Könnyû esõ
2013.10.17csütörtök,16,8,6.1,Napos
2013.10.18péntek,15,8,8.1,Részben felhõs
2013.10.19szombat,15,7,4.2,Napos
2013.10.20vasárnap,19,10,3.3,Részben felhõs
2013.10.21hétfő,22,14,2.8,Napos
2013.10.22kedd,22,14,3.3,Felhõs
2013.10.23szerda,24,14,6.7,Részben felhõs
2013.10.24csütörtök,23,13,3.3,Napos
2013.10.25péntek,23,14,2.8,Napos
2013.10.26szombat,24,14,2.8,Napos
2013.10.27vasárnap,22,13,5,Napos
2013.10.28hétfő,21,12,7.5,Napos
2013.10.29kedd,18,11,3.6,Felhõs
2013.10.30szerda,19,8,5,Napos
2013.10.31csütörtök,17,7,3.3,Napos
2013.02.01péntek,7,2,8.1,Részben felhõs
2013.02.02szombat,7,-2,6.7,Mérsékelt esõ
2013.02.03vasárnap,1,-2,7.5,Enyhe havazás
2013.02.04hétfő,1,-2,7.8,Enyhe havazás
2013.02.05kedd,4,0,4.7,Részben felhõs
2013.02.06szerda,3,-2,3.9,Könnyû szitálás
2013.02.07csütörtök,1,-4,3.6,Részben felhõs
2013.02.08péntek,2,-2,4.4,Részben felhõs
2013.02.09szombat,0,-2,3.3,Felhõs
2013.02.10vasárnap,-1,-6,3.6,Mérsékelt hó
2013.02.11hétfő,-1,-6,4.2,Részben felhõs
2013.02.12kedd,1,-1,8.1,Könnyû hó
2013.02.13szerda,1,-2,4.2,Könnyû szitálás
2013.02.14csütörtök,1,-2,2.8,Könnyû hó
2013.02.15péntek,3,-1,2.8,Köd
2013.02.16szombat,2,0,2.8,Felhõs
2013.02.17vasárnap,3,0,1.7,Felhõs
2013.02.18hétfő,3,-2,1.9,Felhõs
2013.02.19kedd,3,-2,3.9,Részben felhõs
2013.02.20szerda,1,-3,5.6,Részben felhõs
2013.02.21csütörtök,1,-2,3.9,Részben felhõs
2013.02.22péntek,0,-1,5,Enyhe havazás
2013.02.23szombat,2,1,5.8,Könnyû esõ
2013.02.24vasárnap,4,3,6.9,Könnyû esõ
2013.02.25hétfő,6,2,5,Könnyû szitálás
2013.02.26kedd,11,3,3.9,Részben felhõs
2013.02.27szerda,9,2,2.8,Részben felhõs
2013.02.28csütörtök,12,3,2.5,Napos
2013.07.01hétfő,25,11,3.6,Napos
2013.07.02kedd,29,13,2.2,Napos
2013.07.03szerda,29,16,2.8,Napos
2013.07.04csütörtök,32,17,2.5,Napos
2013.07.05péntek,31,18,3.6,Napos
2013.07.06szombat,32,18,4.7,Napos
2013.07.07vasárnap,31,17,4.4,Napos
2013.07.08hétfő,31,17,3.6,Napos
2013.07.09kedd,31,16,3.3,Napos
2013.07.10szerda,33,18,2.5,Napos
2013.07.11csütörtök,29,12,6.4,Napos
2013.07.12péntek,25,13,5.8,Részben felhõs
2013.07.13szombat,27,14,5.6,Részben felhõs
2013.07.14vasárnap,29,16,5.3,Részben felhõs
2013.07.15hétfő,27,12,7.5,Napos
2013.07.16kedd,28,13,2.8,Napos
2013.07.17szerda,32,17,1.7,Napos
2013.07.18csütörtök,33,18,1.7,Napos
2013.07.19péntek,32,18,2.8,Napos
2013.07.20szombat,30,14,3.6,Részben felhõs
2013.07.21vasárnap,30,15,3.9,Napos
2013.07.22hétfő,31,16,3.1,Napos
2013.07.23kedd,32,16,3.9,Napos
2013.07.24szerda,33,15,4.4,Napos
2013.07.25csütörtök,31,18,2.5,Részben felhõs
2013.07.26péntek,33,18,2.2,Napos
2013.07.27szombat,36,21,2.8,Napos
2013.07.28vasárnap,37,23,4.2,Napos
2013.07.29hétfő,39,18,6.4,Napos
2013.07.30kedd,29,17,8.9,Napos
2013.04.01hétfő,7,1,5.6,Napos
2013.04.02kedd,6,4,5.8,Könnyû esõ
2013.04.03szerda,7,3,4.4,Könnyû szitálás
2013.04.04csütörtök,7,2,4.4,Felhõs
2013.04.05péntek,9,6,4.7,Könnyû esõ
2013.04.06szombat,11,4,4.7,Részben felhõs
2013.04.07vasárnap,10,2,3.3,Könnyû esõzuhany
2013.04.08hétfő,12,5,2.5,Napos
2013.04.09kedd,11,6,3.3,Könnyû esõzuhany
2013.04.10szerda,14,5,4.7,Részben felhõs
2013.04.11csütörtök,17,9,6.1,Részben felhõs
2013.04.12péntek,16,8,8.1,Könnyû esõzuhany
2013.04.13szombat,16,7,7.2,Napos
2013.04.14vasárnap,17,8,4.4,Napos
2013.04.15hétfő,20,8,2.2,Napos
2013.04.16kedd,19,7,2.2,Napos
2013.04.17szerda,20,8,1.9,Részben felhõs
2013.04.18csütörtök,24,11,1.9,Napos
2013.04.19péntek,22,8,3.6,Napos
2013.04.20szombat,23,9,4.2,Napos
2013.04.21vasárnap,21,8,4.2,Napos
2013.04.22hétfő,22,9,3.3,Napos
2013.04.23kedd,21,11,4.2,Részben felhõs
2013.04.24szerda,23,11,3.1,Napos
2013.04.25csütörtök,25,14,3.1,Napos
2013.04.26péntek,26,14,5,Napos
2013.04.27szombat,24,14,6.4,"Hûvös, könnyû szitálás"
2013.04.28vasárnap,23,13,6.1,Részben felhõs
2013.04.29hétfő,26,15,6.4,Napos
2013.04.30kedd,28,15,5,Napos
2014.08.01péntek,35,19,3.3,Napos
2014.08.02szombat,35,19,1.9,Napos
2014.08.03vasárnap,34,20,3.6,A közelben vihogó kitörések
2014.08.04hétfő,34,20,2.2,A közelben vihogó kitörések
2014.08.05kedd,31,18,2.8,Napos
2014.08.06szerda,31,18,4.7,Könnyû esõ a mennydörgésnek
2014.08.07csütörtök,30,18,3.1,Hûvös esõ a közelben
2014.08.08péntek,31,18,3.3,Napos
2014.08.09szombat,32,19,2.8,Napos
2014.08.10vasárnap,33,21,3.3,Részben felhõs
2014.08.11hétfő,33,17,5,Részben felhõs
2014.08.12kedd,31,18,4.2,Napos
2014.08.13szerda,34,15,6.4,Napos
2014.08.14csütörtök,23,13,6.9,Idõnként esõs esõ
2014.08.15péntek,29,13,4.7,Napos
2014.08.16szombat,24,12,6.4,Napos
2014.08.17vasárnap,26,13,4.2,Napos
2014.08.18hétfő,28,16,4.2,Napos
2014.08.19kedd,28,16,4.7,Részben felhõs
2014.08.20szerda,28,15,3.1,Részben felhõs
2014.08.21csütörtök,23,11,5.6,Napos
2014.08.22péntek,27,13,2.8,Napos
2014.08.23szombat,27,14,1.7,Felhõs
2014.08.24vasárnap,23,10,7.8,Napos
2014.08.25hétfő,24,13,2.8,Napos
2014.08.26kedd,26,17,5,Könnyû szitálás
2014.08.27szerda,23,11,6.4,Könnyû esõ
2014.08.28csütörtök,26,13,3.1,Napos
2014.08.29péntek,27,13,2.2,Napos
2014.08.30szombat,30,14,1.7,Részben felhõs
2014.08.31vasárnap,29,16,2.2,Részben felhõs
2014.12.01hétfő,2,0,6.4,Könnyû esõ
2014.12.02kedd,2,1,4.7,Könnyû szitálás
2014.12.03szerda,6,2,3.6,Hûvös esõ a közelben
2014.12.04csütörtök,7,1,2.8,Napos
2014.12.05péntek,7,4,2.5,Részben felhõs
2014.12.06szombat,8,4,2.2,Felhõs
2014.12.07vasárnap,6,3,1.7,Könnyû esõ
2014.12.08hétfő,5,0,4.2,Könnyû szitálás
2014.12.09kedd,4,-1,4.7,Részben felhõs
2014.12.10szerda,4,0,5,Részben felhõs
2014.12.11csütörtök,5,-5,2.5,Napos
2014.12.12péntek,6,-4,4.7,Napos
2014.12.13szombat,7,-2,4.4,Napos
2014.12.14vasárnap,8,4,2.8,Hûvös esõ a közelben
2014.12.15hétfő,8,3,2.5,Részben felhõs
2014.12.16kedd,7,2,2.8,Részben felhõs
2014.12.17szerda,8,3,5.8,Napos
2014.12.18csütörtök,9,-1,4.2,Részben felhõs
2014.12.19péntek,11,5,4.7,Napos
2014.12.20szombat,9,2,8.9,Napos
2014.12.21vasárnap,6,2,8.9,Felhõs
2014.12.22hétfő,9,4,6.1,Részben felhõs
2014.12.23kedd,11,4,6.4,Részben felhõs
2014.12.24szerda,10,3,3.6,Napos
2014.12.25csütörtök,9,2,6.1,Részben felhõs
2014.12.26péntek,4,-2,8.1,Felhõs
2014.12.27szombat,2,-3,3.9,Részben felhõs
2014.12.28vasárnap,0,-5,6.4,Enyhe havazás
2014.12.29hétfő,-2,-8,6.9,Napos
2014.12.30kedd,-5,-10,4.2,Napos
2014.12.31szerda,-4,-9,2.2,Napos
2014.06.01vasárnap,24,11,3.3,Könnyû esõzuhany
2014.06.02hétfő,22,8,3.3,Könnyû esõzuhany
2014.06.03kedd,25,10,2.2,Napos
2014.06.04szerda,26,11,1.9,Részben felhõs
2014.06.05csütörtök,29,15,2.5,Részben felhõs
2014.06.06péntek,30,14,2.8,Hûvös esõ a közelben
2014.06.07szombat,32,16,2.2,Napos
2014.06.08vasárnap,34,17,1.9,Napos
2014.06.09hétfő,36,19,1.7,Napos
2014.06.10kedd,37,18,2.8,Napos
2014.06.11szerda,36,16,3.9,Részben felhõs
2014.06.12csütörtök,34,17,5,Napos
2014.06.13péntek,28,13,5.8,Napos
2014.06.14szombat,26,11,5.3,Napos
2014.06.15vasárnap,30,11,3.1,Napos
2014.06.16hétfő,27,13,3.1,Részben felhõs
2014.06.17kedd,28,13,2.5,Részben felhõs
2014.06.18szerda,29,12,2.8,Napos
2014.06.19csütörtök,29,14,3.3,Napos
2014.06.20péntek,24,10,7.5,Napos
2014.06.21szombat,25,10,6.1,Napos
2014.06.22vasárnap,27,12,5.3,Napos
2014.06.23hétfő,29,14,4.2,Napos
2014.06.24kedd,29,14,3.9,Hûvös esõ a közelben
2014.06.25szerda,20,10,2.5,"Hûvös, könnyû szitálás"
2014.06.26csütörtök,27,10,7.5,Napos
2014.06.27péntek,30,13,2.2,Napos
2014.06.28szombat,29,15,4.2,Napos
2014.06.29vasárnap,32,15,7.8,Napos
2014.06.30hétfő,22,11,6.1,Könnyû szitálás
2014.05.01csütörtök,27,11,2.2,Részben felhõs
2014.05.02péntek,26,11,2.5,Napos
2014.05.03szombat,24,8,4.2,Mérsékelt vagy heves esõzuhany
2014.05.04vasárnap,17,5,6.1,Könnyû szitálás
2014.05.05hétfő,19,6,3.3,Napos
2014.05.06kedd,20,8,4.2,Napos
2014.05.07szerda,24,12,5.8,Napos
2014.05.08csütörtök,23,10,5.3,Napos
2014.05.09péntek,26,13,2.8,Részben felhõs
2014.05.10szombat,23,12,7.2,Napos
2014.05.11vasárnap,25,9,4.4,Könnyû esõzuhany
2014.05.12hétfő,19,8,6.9,Napos
2014.05.13kedd,17,8,2.5,Könnyû esõ
2014.05.14szerda,15,6,8.3,Könnyû esõ
2014.05.15csütörtök,12,9,8.9,Mérsékelt esõ
2014.05.16péntek,18,7,4.2,Könnyû esõzuhany
2014.05.17szombat,20,9,4.7,Könnyû esõzuhany
2014.05.18vasárnap,18,9,2.8,Könnyû esõ
2014.05.19hétfő,24,12,4.4,Hûvös esõ a közelben
2014.05.20kedd,27,13,3.1,Napos
2014.05.21szerda,29,16,3.3,Napos
2014.05.22csütörtök,29,17,4.2,Napos
2014.05.23péntek,30,16,4.7,Napos
2014.05.24szombat,31,15,2.2,Napos
2014.05.25vasárnap,32,16,2.2,A közelben vihogó kitörések
2014.05.26hétfő,29,15,3.6,Könnyû esõ a mennydörgésnek
2014.05.27kedd,28,13,4.4,Napos
2014.05.28szerda,23,11,5,Hûvös esõ a közelben
2014.05.29csütörtök,22,11,5,Napos
2014.05.30péntek,16,6,4.7,"Hûvös, könnyû szitálás"
2014.05.31szombat,21,12,3.3,Felhõs
2014.01.01szerda,5,-1,2.5,Napos
2014.01.02csütörtök,4,0,4.2,Részben felhõs
2014.01.03péntek,8,2,2.8,Napos
2014.01.04szombat,8,4,4.2,Felhõs
2014.01.05vasárnap,11,5,4.7,Részben felhõs
2014.01.06hétfő,9,3,2.5,Részben felhõs
2014.01.07kedd,9,4,2.8,Napos
2014.01.08szerda,9,3,1.7,Részben felhõs
2014.01.09csütörtök,9,2,2.8,Napos
2014.01.10péntek,9,2,7.8,Napos
2014.01.11szombat,8,4,2.8,Részben felhõs
2014.01.12vasárnap,7,0,8.9,Napos
2014.01.13hétfő,7,1,3.1,Napos
2014.01.14kedd,6,1,4.2,Részben felhõs
2014.01.15szerda,6,0,4.2,"Hûvös, könnyû szitálás"
2014.01.16csütörtök,7,0,3.9,Napos
2014.01.17péntek,10,5,5.8,Napos
2014.01.18szombat,9,6,3.6,Könnyû szitálás
2014.01.19vasárnap,10,6,4.4,"Hûvös, könnyû szitálás"
2014.01.20hétfő,10,6,4.4,Felhõs
2014.01.21kedd,9,4,3.9,Könnyû szitálás
2014.01.22szerda,6,0,4.7,"Hûvös, könnyû szitálás"
2014.01.23csütörtök,4,-1,2.8,Részben felhõs
2014.01.24péntek,1,-1,5.8,Felhõs
2014.01.25szombat,0,-6,3.9,Napos
2014.01.26vasárnap,-4,-8,2.2,Részben felhõs
2014.01.27hétfő,-4,-9,2.5,Felhõs
2014.01.28kedd,-1,-4,2.2,Enyhe havazás
2014.01.29szerda,-2,-6,3.1,Enyhe havazás
2014.01.30csütörtök,0,-4,5.3,Felhõs
2014.01.31péntek,-1,-4,6.7,Részben felhõs
2014.03.01szombat,11,3,4.2,Napos
2014.03.02vasárnap,13,4,5,Napos
2014.03.03hétfő,11,6,3.6,Részben felhõs
2014.03.04kedd,13,5,4.4,Részben felhõs
2014.03.05szerda,14,7,3.6,Felhõs
2014.03.06csütörtök,14,5,4.7,Felhõs
2014.03.07péntek,13,6,3.6,Felhõs
2014.03.08szombat,15,5,3.6,Napos
2014.03.09vasárnap,13,4,5.8,Napos
2014.03.10hétfő,12,4,5.3,Napos
2014.03.11kedd,18,7,2.5,Napos
2014.03.12szerda,17,6,3.3,Napos
2014.03.13csütörtök,20,8,2.2,Napos
2014.03.14péntek,19,9,2.8,Napos
2014.03.15szombat,17,5,11.1,Napos
2014.03.16vasárnap,14,8,12.5,Könnyû esõ
2014.03.17hétfő,14,6,8.9,Felhõs
2014.03.18kedd,18,11,4.2,Napos
2014.03.19szerda,15,7,11.4,Részben felhõs
2014.03.20csütörtök,20,8,5,Napos
2014.03.21péntek,19,9,6.4,Napos
2014.03.22szombat,20,10,7.8,Napos
2014.03.23vasárnap,20,10,7.8,Részben felhõs
2014.03.24hétfő,10,3,6.1,Könnyû esõ
2014.03.25kedd,13,4,4.7,Napos
2014.03.26szerda,15,5,4.2,Részben felhõs
2014.03.27csütörtök,17,6,4.7,Napos
2014.03.28péntek,20,8,4.2,Napos
2014.03.29szombat,20,6,3.9,Napos
2014.03.30vasárnap,22,7,2.2,Napos
2014.03.31hétfő,22,9,4.4,Napos
2014.11.01szombat,14,5,1.1,Napos
2014.11.02vasárnap,13,5,2.2,Napos
2014.11.03hétfő,12,5,3.9,Napos
2014.11.04kedd,15,7,6.7,Napos
2014.11.05szerda,16,8,5,Napos
2014.11.06csütörtök,16,10,4.4,Részben felhõs
2014.11.07péntek,17,11,3.6,Napos
2014.11.08szombat,18,10,2.5,Hûvös esõ a közelben
2014.11.09vasárnap,17,9,3.1,Részben felhõs
2014.11.10hétfő,17,10,3.3,Napos
2014.11.11kedd,16,8,3.6,Napos
2014.11.12szerda,13,9,4.4,Részben felhõs
2014.11.13csütörtök,15,8,2.8,Részben felhõs
2014.11.14péntek,15,7,2.2,Részben felhõs
2014.11.15szombat,13,6,5.3,Napos
2014.11.16vasárnap,10,7,4.2,"Hûvös, könnyû szitálás"
2014.11.17hétfő,10,7,2.8,A közelben vihogó kitörések
2014.11.18kedd,10,6,5.6,Mérsékelt esõ
2014.11.19szerda,10,4,4.2,Könnyû szitálás
2014.11.20csütörtök,9,3,4.2,Napos
2014.11.21péntek,9,2,2.2,Napos
2014.11.22szombat,8,1,1.4,Napos
2014.11.23vasárnap,8,1,1.4,Napos
2014.11.24hétfő,6,2,2.5,Napos
2014.11.25kedd,6,1,1.7,Részben felhõs
2014.11.26szerda,5,-1,1.9,Részben felhõs
2014.11.27csütörtök,4,-5,3.3,Napos
2014.11.28péntek,2,1,3.3,Könnyû szitálás
2014.11.29szombat,2,1,3.9,Könnyû esõ
2014.11.30vasárnap,3,0,4.2,Hûvös esõ a közelben
2014.09.01hétfő,28,16,3.9,Hûvös esõ a közelben
2014.09.02kedd,25,16,3.9,Felhõs
2014.09.03szerda,28,17,5.6,Napos
2014.09.04csütörtök,29,17,6.1,Részben felhõs
2014.09.05péntek,28,16,4.2,Részben felhõs
2014.09.06szombat,28,17,1.9,Könnyû esõzuhany
2014.09.07vasárnap,29,17,1.7,Részben felhõs
2014.09.08hétfő,29,17,2.5,Napos
2014.09.09kedd,29,18,2.5,Napos
2014.09.10szerda,22,15,2.8,Mérsékelt esõ
2014.09.11csütörtök,22,15,3.3,Könnyû esõ
2014.09.12péntek,20,14,5,Mérsékelt esõ
2014.09.13szombat,24,16,3.9,Felhõs
2014.09.14vasárnap,21,15,3.9,Mérsékelt esõ
2014.09.15hétfő,20,13,4.2,Könnyû esõzuhany
2014.09.16kedd,24,13,2.8,Könnyû esõzuhany
2014.09.17szerda,26,14,1.1,Napos
2014.09.18csütörtök,25,13,3.1,Napos
2014.09.19péntek,21,13,3.3,Részben felhõs
2014.09.20szombat,27,16,1.9,Részben felhõs
2014.09.21vasárnap,26,16,4.7,Napos
2014.09.22hétfő,18,8,8.1,"Hûvös, könnyû szitálás"
2014.09.23kedd,17,8,7.5,Napos
2014.09.24szerda,18,8,2.8,Napos
2014.09.25csütörtök,19,9,3.6,Részben felhõs
2014.09.26péntek,20,10,5.8,Részben felhõs
2014.09.27szombat,20,11,2.5,Részben felhõs
2014.09.28vasárnap,25,13,2.2,Napos
2014.09.29hétfő,24,12,2.5,Napos
2014.09.30kedd,24,12,1.4,Részben felhõs
2014.10.01szerda,23,15,2.2,Felhõs
2014.10.02csütörtök,23,12,1.9,Részben felhõs
2014.10.03péntek,20,12,2.2,Részben felhõs
2014.10.04szombat,20,12,2.8,Részben felhõs
2014.10.05vasárnap,20,10,1.9,Hûvös esõ a közelben
2014.10.06hétfő,19,10,3.9,Napos
2014.10.07kedd,19,10,5.3,Napos
2014.10.08szerda,17,11,3.9,Hûvös esõ a közelben
2014.10.09csütörtök,22,12,4.2,Napos
2014.10.10péntek,25,14,3.6,Napos
2014.10.11szombat,25,14,3.3,Napos
2014.10.12vasárnap,26,15,1.7,Napos
2014.10.13hétfő,25,16,4.2,Felhõs
2014.10.14kedd,25,13,4.4,Napos
2014.10.15szerda,18,13,2.5,Mérsékelt esõ
2014.10.16csütörtök,22,14,3.9,Napos
2014.10.17péntek,19,10,4.4,Könnyû esõ
2014.10.18szombat,21,13,4.4,Napos
2014.10.19vasárnap,19,10,3.9,Napos
2014.10.20hétfő,22,14,5.3,Napos
2014.10.21kedd,18,12,3.6,Hûvös esõ a közelben
2014.10.22szerda,9,5,9.7,Könnyû esõ
2014.10.23csütörtök,12,7,6.4,Könnyû szitálás
2014.10.24péntek,10,6,5,Mérsékelt esõ
2014.10.25szombat,14,5,2.2,Napos
2014.10.26vasárnap,13,4,1.7,Részben felhõs
2014.10.27hétfő,15,5,1.1,Napos
2014.10.28kedd,16,3,1.4,Napos
2014.10.29szerda,12,3,2.2,Részben felhõs
2014.10.30csütörtök,12,6,2.2,Napos
2014.10.31péntek,13,4,2.2,Részben felhõs
2014.02.01szombat,-1,-4,6.1,Részben felhõs
2014.02.02vasárnap,2,-3,6.1,Részben felhõs
2014.02.03hétfő,2,-3,2.5,Napos
2014.02.04kedd,0,-5,4.2,Napos
2014.02.05szerda,0,-3,4.4,Napos
2014.02.06csütörtök,3,-1,2.8,Felhõs
2014.02.07péntek,4,1,5,"Hûvös, könnyû szitálás"
2014.02.08szombat,7,2,3.9,Felhõs
2014.02.09vasárnap,7,2,4.2,Könnyû szitálás
2014.02.10hétfő,7,4,6.4,Részben felhõs
2014.02.11kedd,8,3,4.2,Mérsékelt esõ
2014.02.12szerda,11,2,5,Részben felhõs
2014.02.13csütörtök,7,2,5,Napos
2014.02.14péntek,6,2,9.2,Részben felhõs
2014.02.15szombat,7,2,5.3,Napos
2014.02.16vasárnap,10,5,3.6,Részben felhõs
2014.02.17hétfő,9,2,3.6,"Hûvös, könnyû szitálás"
2014.02.18kedd,10,4,3.1,Napos
2014.02.19szerda,11,4,3.3,"Hûvös, könnyû szitálás"
2014.02.20csütörtök,12,4,2.8,Napos
2014.02.21péntek,9,6,3.1,Felhõs
2014.02.22szombat,9,4,2.8,Felhõs
2014.02.23vasárnap,12,3,4.2,Felhõs
2014.02.24hétfő,10,3,3.1,Részben felhõs
2014.02.25kedd,11,4,2.2,Felhõs
2014.02.26szerda,12,4,3.9,Napos
2014.02.27csütörtök,13,5,2.8,Részben felhõs
2014.02.28péntek,10,3,2.5,Könnyû esõ
2014.07.01kedd,27,12,5,Napos
2014.07.02szerda,30,15,4.2,Részben felhõs
2014.07.03csütörtök,28,13,5,Napos
2014.07.04péntek,31,14,3.6,Napos
2014.07.05szombat,32,17,4.2,Napos
2014.07.06vasárnap,34,19,3.3,Napos
2014.07.07hétfő,36,20,3.9,Napos
2014.07.08kedd,33,16,6.1,Könnyû esõ a mennydörgésnek
2014.07.09szerda,27,12,4.7,Napos
2014.07.10csütörtök,30,15,3.9,Napos
2014.07.11péntek,26,15,3.6,Hûvös esõ a közelben
2014.07.12szombat,29,15,5.3,Napos
2014.07.13vasárnap,29,15,3.3,Könnyû esõ a mennydörgésnek
2014.07.14hétfő,32,18,2.8,Részben felhõs
2014.07.15kedd,34,18,3.3,Napos
2014.07.16szerda,33,18,3.3,Napos
2014.07.17csütörtök,34,18,3.3,Napos
2014.07.18péntek,32,19,3.3,Részben felhõs
2014.07.19szombat,36,19,2.5,Napos
2014.07.20vasárnap,35,20,3.6,Napos
2014.07.21hétfő,35,19,6.7,Napos
2014.07.22kedd,27,18,4.4,Könnyû esõzuhany
2014.07.23szerda,27,15,5,Hûvös esõ a közelben
2014.07.24csütörtök,30,17,3.1,Napos
2014.07.25péntek,33,18,1.4,Részben felhõs
2014.07.26szombat,33,18,2.5,Részben felhõs
2014.07.27vasárnap,35,19,2.8,A közelben vihogó kitörések
2014.07.28hétfő,30,18,4.2,Mérsékelt vagy heves esõzuhany
2014.07.29kedd,31,18,3.3,Hûvös esõ a közelben
2014.07.30szerda,33,20,4.2,Hûvös esõ a közelben
2014.07.31csütörtök,30,20,3.3,Tömör esõzuhannyal
2014.04.01kedd,21,8,3.9,Napos
2014.04.02szerda,20,8,2.8,Részben felhõs
2014.04.03csütörtök,21,9,5.3,Napos
2014.04.04péntek,24,13,2.8,Részben felhõs
2014.04.05szombat,21,10,4.2,"Hûvös, könnyû szitálás"
2014.04.06vasárnap,21,11,3.6,Felhõs
2014.04.07hétfő,24,11,2.8,Napos
2014.04.08kedd,23,11,6.7,Napos
2014.04.09szerda,15,5,9.7,Napos
2014.04.10csütörtök,13,4,6.9,Könnyû esõzuhany
2014.04.11péntek,17,5,3.9,Részben felhõs
2014.04.12szombat,19,7,2.8,Napos
2014.04.13vasárnap,19,7,6.4,Részben felhõs
2014.04.14hétfő,19,3,6.4,Hûvös esõ a közelben
2014.04.15kedd,13,2,8.3,Részben felhõs
2014.04.16szerda,14,3,5.3,Könnyû esõzuhany
2014.04.17csütörtök,15,6,8.1,Felhõs
2014.04.18péntek,22,10,3.9,Napos
2014.04.19szombat,21,8,7.5,Könnyû szitálás
2014.04.20vasárnap,17,8,4.4,Könnyû esõzuhany
2014.04.21hétfő,22,10,5.3,Részben felhõs
2014.04.22kedd,23,11,3.9,A közelben vihogó kitörések
2014.04.23szerda,26,13,2.5,Hûvös esõ a közelben
2014.04.24csütörtök,25,12,4.7,Könnyû esõzuhany
2014.04.25péntek,23,13,2.8,Könnyû esõzuhany
2014.04.26szombat,23,9,2.2,Könnyû esõzuhany
2014.04.27vasárnap,23,9,3.9,Napos
2014.04.28hétfő,26,12,1.9,Napos
2014.04.29kedd,25,11,3.3,Könnyû esõ a mennydörgésnek
2014.04.30szerda,25,11,2.8,Napos
2015.08.01szombat,32,17,3.1,Napos
2015.08.02vasárnap,30,19,4.7,Felhõs
2015.08.03hétfő,35,22,3.3,Napos
2015.08.04kedd,35,22,3.3,Napos
2015.08.05szerda,36,23,1.7,Napos
2015.08.06csütörtök,37,24,3.6,Napos
2015.08.07péntek,36,24,3.3,Napos
2015.08.08szombat,38,24,3.1,Napos
2015.08.09vasárnap,38,23,3.6,Napos
2015.08.10hétfő,36,23,5.3,Napos
2015.08.11kedd,37,23,5.8,Napos
2015.08.12szerda,39,24,4.2,Napos
2015.08.13csütörtök,38,24,5,Részben felhõs
2015.08.14péntek,36,22,5.8,Napos
2015.08.15szombat,38,24,4.7,Napos
2015.08.16vasárnap,37,20,5.6,Részben felhõs
2015.08.17hétfő,27,17,5.8,Mérsékelt vagy heves esõzuhany
2015.08.18kedd,25,16,9.2,Részben felhõs
2015.08.19szerda,23,15,5,Felhõs
2015.08.20csütörtök,24,15,6.1,Felhõs
2015.08.21péntek,25,16,6.1,Részben felhõs
2015.08.22szombat,23,15,5,"Hûvös, könnyû szitálás"
2015.08.23vasárnap,27,17,2.8,Hûvös esõ a közelben
2015.08.24hétfő,30,20,6.7,Napos
2015.08.25kedd,26,16,6.1,Könnyû esõzuhany
2015.08.26szerda,32,20,3.9,Napos
2015.08.27csütörtök,33,21,3.3,Napos
2015.08.28péntek,35,24,4.2,Napos
2015.08.29szombat,38,23,1.9,Napos
2015.08.30vasárnap,37,25,3.9,Napos
2015.08.31hétfő,38,24,5.3,Napos
2015.12.01kedd,11,5,12.8,Hûvös esõ a közelben
2015.12.02szerda,11,6,5.3,Felhõs
2015.12.03csütörtök,13,3,3.1,Napos
2015.12.04péntek,9,0,2.8,Részben felhõs
2015.12.05szombat,9,4,2.2,Napos
2015.12.06vasárnap,10,4,2.8,Napos
2015.12.07hétfő,9,3,2.2,Napos
2015.12.08kedd,7,1,1.7,Napos
2015.12.09szerda,6,2,2.8,Felhõs
2015.12.10csütörtök,7,2,3.1,Felhõs
2015.12.11péntek,7,1,3.3,Napos
2015.12.12szombat,8,2,5.3,Részben felhõs
2015.12.13vasárnap,7,1,4.2,Napos
2015.12.14hétfő,6,0,3.6,Részben felhõs
2015.12.15kedd,5,1,1.9,Felhõs
2015.12.16szerda,8,2,1.7,Napos
2015.12.17csütörtök,4,0,3.3,Részben felhõs
2015.12.18péntek,5,-6,3.1,Részben felhõs
2015.12.19szombat,5,2,1.4,Felhõs
2015.12.20vasárnap,5,1,2.8,Részben felhõs
2015.12.21hétfő,7,4,3.3,Felhõs
2015.12.22kedd,10,5,3.6,Napos
2015.12.23szerda,10,3,2.5,Napos
2015.12.24csütörtök,8,2,2.8,Napos
2015.12.25péntek,9,4,2.5,Napos
2015.12.26szombat,11,5,2.8,Napos
2015.12.27vasárnap,12,5,2.2,Napos
2015.12.28hétfő,11,3,3.1,Napos
2015.12.29kedd,8,-1,3.9,Napos
2015.12.30szerda,2,-4,6.7,Napos
2015.12.31csütörtök,2,-4,3.9,Napos
2015.06.01hétfő,30,16,3.9,Napos
2015.06.02kedd,32,18,3.9,Napos
2015.06.03szerda,32,20,3.1,Részben felhõs
2015.06.04csütörtök,32,15,4.7,Hûvös esõ a közelben
2015.06.05péntek,27,15,7.2,Napos
2015.06.06szombat,33,18,3.6,Napos
2015.06.07vasárnap,32,18,2.8,Napos
2015.06.08hétfő,32,18,3.9,Napos
2015.06.09kedd,31,18,3.9,Napos
2015.06.10szerda,32,18,5.3,Napos
2015.06.11csütörtök,32,18,3.3,Részben felhõs
2015.06.12péntek,32,20,5.6,Napos
2015.06.13szombat,32,19,9.7,Napos
2015.06.14vasárnap,33,20,5.8,Napos
2015.06.15hétfő,31,17,7.2,Napos
2015.06.16kedd,28,16,5.6,Felhõs
2015.06.17szerda,22,12,5.3,Napos
2015.06.18csütörtök,25,14,5.3,Napos
2015.06.19péntek,25,11,10,Könnyû esõzuhany
2015.06.20szombat,24,10,7.8,Részben felhõs
2015.06.21vasárnap,23,11,7.2,Részben felhõs
2015.06.22hétfő,26,14,5.3,Részben felhõs
2015.06.23kedd,20,12,7.5,Felhõs
2015.06.24szerda,23,12,5.8,Felhõs
2015.06.25csütörtök,26,13,3.3,Részben felhõs
2015.06.26péntek,27,15,4.7,Részben felhõs
2015.06.27szombat,28,16,6.1,Részben felhõs
2015.06.28vasárnap,26,15,5.8,Könnyû esõzuhany
2015.06.29hétfő,28,15,4.7,Könnyû esõzuhany
2015.06.30kedd,30,16,3.3,Napos
2015.05.01péntek,20,13,7.8,Könnyû esõzuhany
2015.05.02szombat,21,11,7.5,Részben felhõs
2015.05.03vasárnap,19,12,5,Hûvös esõ a közelben
2015.05.04hétfő,28,15,2.5,Részben felhõs
2015.05.05kedd,29,17,5.8,Részben felhõs
2015.05.06szerda,29,14,7.5,Napos
2015.05.07csütörtök,25,12,7.8,Napos
2015.05.08péntek,25,12,4.2,Napos
2015.05.09szombat,26,14,4.7,Részben felhõs
2015.05.10vasárnap,22,8,11.1,Részben felhõs
2015.05.11hétfő,23,9,4.2,Napos
2015.05.12kedd,25,13,3.9,Napos
2015.05.13szerda,25,13,8.3,Napos
2015.05.14csütörtök,23,9,13.6,Napos
2015.05.15péntek,19,11,3.6,Felhõs
2015.05.16szombat,25,12,3.6,Napos
2015.05.17vasárnap,22,9,8.9,Napos
2015.05.18hétfő,25,13,3.3,Napos
2015.05.19kedd,30,14,5.8,Napos
2015.05.20szerda,31,11,6.4,Napos
2015.05.21csütörtök,22,14,5,Részben felhõs
2015.05.22péntek,23,13,7.2,Hûvös esõ a közelben
2015.05.23szombat,22,13,5.6,Könnyû esõ
2015.05.24vasárnap,27,13,3.9,Napos
2015.05.25hétfő,25,15,4.4,"Hûvös, könnyû szitálás"
2015.05.26kedd,21,11,8.1,Könnyû esõ
2015.05.27szerda,20,10,8.9,"Hûvös, könnyû szitálás"
2015.05.28csütörtök,21,10,4.4,Napos
2015.05.29péntek,26,12,3.1,Napos
2015.05.30szombat,27,15,4.4,Napos
2015.05.31vasárnap,28,15,4.4,Napos
2015.01.01csütörtök,-3,-13,2.5,Részben felhõs
2015.01.02péntek,1,-7,4.7,Részben felhõs
2015.01.03szombat,4,-1,6.1,Részben felhõs
2015.01.04vasárnap,3,-3,8.6,Felhõs
2015.01.05hétfő,3,-4,6.7,Részben felhõs
2015.01.06kedd,3,-6,5,Napos
2015.01.07szerda,-4,-7,2.5,Részben felhõs
2015.01.08csütörtök,-1,-4,3.1,Napos
2015.01.09péntek,4,-3,8.1,Részben felhõs
2015.01.10szombat,12,8,8.9,Hûvös esõ a közelben
2015.01.11vasárnap,6,1,9.2,"Keskeny, mérsékelt hó"
2015.01.12hétfő,5,0,8.6,Részben felhõs
2015.01.13kedd,7,-5,3.9,Napos
2015.01.14szerda,6,1,3.6,Részben felhõs
2015.01.15csütörtök,6,0,5.8,Napos
2015.01.16péntek,6,1,4.2,Részben felhõs
2015.01.17szombat,7,1,3.6,Részben felhõs
2015.01.18vasárnap,9,4,3.3,Részben felhõs
2015.01.19hétfő,7,3,3.1,Felhõs
2015.01.20kedd,6,3,3.6,Felhõs
2015.01.21szerda,8,4,3.3,Felhõs
2015.01.22csütörtök,7,4,3.3,Hûvös esõ a közelben
2015.01.23péntek,9,2,5.6,Könnyû szitálás
2015.01.24szombat,6,0,6.7,Könnyû szitálás
2015.01.25vasárnap,3,-2,6.7,Könnyû hó
2015.01.26hétfő,2,-1,3.9,Részben felhõs
2015.01.27kedd,1,-3,2.8,Hûvös esõ a közelben
2015.01.28szerda,2,-3,3.3,Napos
2015.01.29csütörtök,1,-2,3.9,Felhõs
2015.01.30péntek,6,-1,10,Mérsékelt esõ
2015.01.31szombat,2,-1,8.1,Részben felhõs
2015.03.01vasárnap,11,5,4.4,Felhõs
2015.03.02hétfő,14,3,11.1,Hûvös esõ a közelben
2015.03.03kedd,8,2,11.1,Napos
2015.03.04szerda,10,3,6.1,Felhõs
2015.03.05csütörtök,8,1,7.5,Felhõs
2015.03.06péntek,8,0,7.8,Részben felhõs
2015.03.07szombat,12,2,3.9,Napos
2015.03.08vasárnap,10,3,2.8,Napos
2015.03.09hétfő,13,5,2.8,Napos
2015.03.10kedd,15,5,3.1,Napos
2015.03.11szerda,14,5,5.3,Részben felhõs
2015.03.12csütörtök,10,4,7.5,Könnyû szitálás
2015.03.13péntek,10,4,5,Könnyû szitálás
2015.03.15vasárnap,14,7,4.7,Felhõs
2015.03.16hétfő,14,7,6.4,Részben felhõs
2015.03.17kedd,14,3,5.8,Napos
2015.03.18szerda,11,2,8.6,Napos
2015.03.19csütörtök,11,5,3.9,Napos
2015.03.20péntek,13,4,3.3,Napos
2015.03.21szombat,14,6,6.1,Részben felhõs
2015.03.22vasárnap,14,3,5.8,Részben felhõs
2015.03.23hétfő,14,5,3.6,Napos
2015.03.24kedd,15,7,6.7,Napos
2015.03.25szerda,17,9,8.3,Napos
2015.03.26csütörtök,20,10,5,Napos
2015.03.27péntek,14,8,12.8,Részben felhõs
2015.03.28szombat,12,3,10,Könnyû szitálás
2015.03.29vasárnap,13,8,6.1,Hûvös esõ a közelben
2015.03.30hétfő,12,3,7.5,Könnyû esõ
2015.03.31kedd,12,6,14.2,Könnyû szitálás
2015.11.01vasárnap,16,3,1.9,Napos
2015.11.02hétfő,13,3,2.5,Napos
2015.11.03kedd,13,4,2.8,Napos
2015.11.04szerda,13,3,2.5,Napos
2015.11.05csütörtök,15,7,2.5,Napos
2015.11.06péntek,15,7,1.4,Napos
2015.11.07szombat,15,10,3.9,Napos
2015.11.08vasárnap,18,9,6.7,Napos
2015.11.09hétfő,18,11,5.6,Felhõs
2015.11.10kedd,18,12,11.4,Részben felhõs
2015.11.11szerda,19,12,8.9,Napos
2015.11.12csütörtök,18,10,6.1,Napos
2015.11.13péntek,14,8,3.6,Részben felhõs
2015.11.14szombat,12,6,10.8,Napos
2015.11.15vasárnap,10,4,11.4,Könnyû esõ
2015.11.16hétfő,16,10,10.8,Részben felhõs
2015.11.17kedd,17,5,3.3,Részben felhõs
2015.11.18szerda,19,9,11.7,Napos
2015.11.19csütörtök,17,9,6.7,Napos
2015.11.20péntek,15,12,11.4,Részben felhõs
2015.11.21szombat,9,3,10.6,Könnyû szitálás
2015.11.22vasárnap,6,1,6.7,Könnyû esõ
2015.11.23hétfő,6,1,4.4,Napos
2015.11.24kedd,6,0,2.8,Részben felhõs
2015.11.25szerda,5,0,1.9,Napos
2015.11.26csütörtök,5,-5,4.4,Napos
2015.11.27péntek,5,1,3.6,Hûvös esõ a közelben
2015.11.28szombat,3,1,7.5,Könnyû esõ
2015.11.29vasárnap,5,2,9.2,Napos
2015.11.30hétfő,10,3,9.2,Felhõs
2015.09.01kedd,36,21,6.4,Napos
2015.09.02szerda,32,18,8.1,Napos
2015.09.03csütörtök,32,19,3.3,Napos
2015.09.04péntek,28,18,6.9,Napos
2015.09.05szombat,20,12,7.2,Könnyû esõzuhany
2015.09.06vasárnap,21,11,11.1,Napos
2015.09.07hétfő,19,10,9.7,Részben felhõs
2015.09.08kedd,21,11,6.7,Napos
2015.09.09szerda,22,12,3.6,Napos
2015.09.10csütörtök,22,13,5.8,Részben felhõs
2015.09.11péntek,17,11,3.1,Könnyû szitálás
2015.09.12szombat,26,15,2.8,Napos
2015.09.13vasárnap,26,15,5.3,Napos
2015.09.14hétfő,30,18,8.1,Részben felhõs
2015.09.15kedd,31,20,6.7,Napos
2015.09.16szerda,32,23,10,Napos
2015.09.17csütörtök,34,19,12.2,Napos
2015.09.18péntek,34,19,6.4,Napos
2015.09.19szombat,29,17,6.1,Részben felhõs
2015.09.20vasárnap,23,12,8.1,Könnyû szitálás
2015.09.21hétfő,22,13,5.6,Napos
2015.09.22kedd,24,15,3.9,Napos
2015.09.23szerda,28,14,5,Napos
2015.09.24csütörtök,28,16,4.7,Hûvös esõ a közelben
2015.09.25péntek,20,15,4.2,Könnyû esõ
2015.09.26szombat,17,12,3.9,Könnyû esõ
2015.09.27vasárnap,20,10,4.2,Felhõs
2015.09.28hétfő,18,12,8.6,Napos
2015.09.29kedd,18,9,9.7,Felhõs
2015.09.30szerda,17,8,8.9,Napos
2015.10.01csütörtök,20,11,5,Napos
2015.10.02péntek,22,13,3.1,Napos
2015.10.03szombat,22,14,5.6,Napos
2015.10.04vasárnap,24,14,6.7,Napos
2015.10.05hétfő,22,13,3.9,Felhõs
2015.10.06kedd,23,15,3.1,Napos
2015.10.07szerda,22,11,5,Felhõs
2015.10.08csütörtök,18,12,3.9,Felhõs
2015.10.09péntek,18,12,2.8,Felhõs
2015.10.10szombat,16,10,5.8,Felhõs
2015.10.11vasárnap,11,6,9.2,Könnyû esõ
2015.10.12hétfő,11,5,5.8,Felhõs
2015.10.13kedd,12,4,3.9,Felhõs
2015.10.14szerda,13,10,7.5,Hûvös esõ a közelben
2015.10.15csütörtök,15,11,8.1,Könnyû esõ
2015.10.16péntek,17,10,6.4,Hûvös esõ a közelben
2015.10.17szombat,17,9,5,Hûvös esõ a közelben
2015.10.18vasárnap,16,11,3.1,Felhõs
2015.10.19hétfő,14,8,5.6,Könnyû szitálás
2015.10.20kedd,12,5,6.7,Hûvös esõ a közelben
2015.10.21szerda,13,6,4.4,Napos
2015.10.22csütörtök,14,7,2.8,Napos
2015.10.23péntek,15,8,3.9,Részben felhõs
2015.10.24szombat,15,8,2.8,Napos
2015.10.25vasárnap,15,9,3.6,Felhõs
2015.10.26hétfő,15,7,3.3,Napos
2015.10.27kedd,14,7,4.7,Napos
2015.10.28szerda,15,7,6.1,Napos
2015.10.29csütörtök,14,5,5,Napos
2015.10.30péntek,15,8,2.5,Napos
2015.10.31szombat,17,8,2.5,Napos
2015.02.01vasárnap,1,-8,3.6,Részben felhõs
2015.02.02hétfő,2,-3,5,Napos
2015.02.03kedd,3,-2,3.9,Hûvös esõ a közelben
2015.02.04szerda,2,-1,5,Hûvös esõ a közelben
2015.02.05csütörtök,3,-1,9.2,Napos
2015.02.06péntek,3,-4,11.1,Részben felhõs
2015.02.07szombat,1,-3,5.6,Napos
2015.02.08vasárnap,2,-4,12.8,Részben felhõs
2015.02.09hétfő,1,-2,7.8,Felhõs
2015.02.10kedd,5,1,4.7,Felhõs
2015.02.11szerda,5,-1,2.8,Részben felhõs
2015.02.12csütörtök,6,1,2.2,Napos
2015.02.13péntek,6,1,3.3,Napos
2015.02.14szombat,7,2,3.9,Napos
2015.02.15vasárnap,7,2,4.2,Napos
2015.02.16hétfő,6,-1,5.6,Napos
2015.02.17kedd,4,-1,5.8,Felhõs
2015.02.18szerda,6,-1,3.6,Napos
2015.02.19csütörtök,5,0,2.8,Felhõs
2015.02.20péntek,7,1,2.8,Napos
2015.02.21szombat,10,2,8.9,Napos
2015.02.22vasárnap,9,5,6.1,Felhõs
2015.02.23hétfő,9,4,3.6,Hûvös esõ a közelben
2015.02.24kedd,12,5,4.7,Részben felhõs
2015.02.25szerda,10,5,5.3,Könnyû szitálás
2015.02.26csütörtök,8,5,5.8,Könnyû esõ
2015.02.27péntek,10,5,3.1,Felhõs
2015.02.28szombat,10,3,3.3,Hûvös esõ a közelben
2015.07.01szerda,31,17,2.5,Részben felhõs
2015.07.02csütörtök,31,17,4.2,Részben felhõs
2015.07.03péntek,31,18,5.6,Napos
2015.07.04szombat,34,21,2.5,Napos
2015.07.05vasárnap,36,22,3.3,Napos
2015.07.06hétfő,37,20,5,Napos
2015.07.07kedd,37,24,3.9,Napos
2015.07.08szerda,38,17,12.8,Napos
2015.07.09csütörtök,27,13,7.5,Felhõs
2015.07.10péntek,25,13,7.8,Napos
2015.07.11szombat,28,14,6.1,Napos
2015.07.12vasárnap,32,20,6.4,Napos
2015.07.13hétfő,30,18,8.3,Napos
2015.07.14kedd,28,17,8.9,Részben felhõs
2015.07.15szerda,30,18,8.6,Részben felhõs
2015.07.16csütörtök,35,21,3.3,Részben felhõs
2015.07.17péntek,37,23,3.1,Napos
2015.07.18szombat,39,23,4.2,Napos
2015.07.19vasárnap,39,26,5,Napos
2015.07.20hétfő,33,21,8.3,Napos
2015.07.21kedd,36,24,2.5,Napos
2015.07.22szerda,39,24,3.3,Részben felhõs
2015.07.23csütörtök,39,22,4.4,Felhõs
2015.07.24péntek,37,24,4.2,Napos
2015.07.25szombat,36,18,14.2,Részben felhõs
2015.07.26vasárnap,25,17,15,Hûvös esõ a közelben
2015.07.27hétfő,30,17,8.6,Részben felhõs
2015.07.28kedd,23,19,6.4,Hûvös esõ a közelben
2015.07.29szerda,25,16,5.8,"Hûvös, könnyû szitálás"
2015.07.30csütörtök,20,14,6.1,Felhõs
2015.07.31péntek,27,13,5.6,Részben felhõs
2015.04.01szerda,9,3,14.2,Részben felhõs
2015.04.02csütörtök,9,1,13.9,Könnyû szitálás
2015.04.03péntek,9,1,12.5,Felhõs
2015.04.04szombat,12,2,4.4,Részben felhõs
2015.04.05vasárnap,11,1,6.4,Hûvös esõ a közelben
2015.04.06hétfő,10,3,8.3,Hûvös esõ a közelben
2015.04.07kedd,12,2,9.7,Részben felhõs
2015.04.08szerda,14,5,6.7,Könnyû esõzuhany
2015.04.09csütörtök,17,5,3.6,Részben felhõs
2015.04.10péntek,18,8,4.2,Napos
2015.04.11szombat,21,10,4.2,Felhõs
2015.04.12vasárnap,21,9,8.3,Napos
2015.04.13hétfő,21,7,9.2,Részben felhõs
2015.04.14kedd,14,8,8.9,Napos
2015.04.15szerda,23,12,7.8,Napos
2015.04.16csütörtök,26,11,6.1,Napos
2015.04.17péntek,24,10,7.2,Könnyû esõzuhany
2015.04.18szombat,14,3,8.9,Napos
2015.04.19vasárnap,14,5,4.4,Részben felhõs
2015.04.20hétfő,16,5,10.8,Részben felhõs
2015.04.21kedd,17,7,8.3,Napos
2015.04.22szerda,20,8,4.7,Napos
2015.04.23csütörtök,21,9,5,Napos
2015.04.24péntek,23,11,5.6,Részben felhõs
2015.04.25szombat,23,12,5.6,Napos
2015.04.26vasárnap,22,11,5.3,Könnyû esõzuhany
2015.04.27hétfő,24,13,7.5,Felhõs
2015.04.28kedd,18,8,11.4,Könnyû esõ
2015.04.29szerda,20,7,11.7,Napos
2015.04.30csütörtök,19,9,3.3,Napos
2016.08.01hétfő,29,16,7.8,Részben felhõs
2016.08.02kedd,29,17,3.6,Részben felhõs
2016.08.03szerda,29,18,6.1,Napos
2016.08.04csütörtök,34,20,3.3,Napos
2016.08.05péntek,36,16,8.9,Napos
2016.08.06szombat,30,16,6.9,Részben felhõs
2016.08.07vasárnap,29,16,5,Napos
2016.08.08hétfő,32,18,2.5,Napos
2016.08.09kedd,34,16,1.7,Napos
2016.08.10szerda,27,10,8.9,Hûvös esõ a közelben
2016.08.11csütörtök,23,12,5.8,Felhõs
2016.08.12péntek,25,12,5,Napos
2016.08.13szombat,27,16,3.1,Hûvös esõ a közelben
2016.08.14vasárnap,31,18,4.2,Részben felhõs
2016.08.15hétfő,31,16,5.3,Részben felhõs
2016.08.16kedd,29,17,3.1,Részben felhõs
2016.08.17szerda,28,14,4.7,Hûvös esõ a közelben
2016.08.18csütörtök,29,16,3.3,Részben felhõs
2016.08.19péntek,32,18,3.1,Részben felhõs
2016.08.20szombat,33,20,2.8,Napos
2016.08.21vasárnap,31,17,6.9,Hûvös esõ a közelben
2016.08.22hétfő,19,14,7.2,Könnyû esõ
2016.08.23kedd,29,16,4.2,Napos
2016.08.24szerda,30,17,3.9,Napos
2016.08.25csütörtök,28,17,5,Napos
2016.08.26péntek,32,18,4.4,Napos
2016.08.27szombat,34,20,2.8,Napos
2016.08.28vasárnap,35,20,2.2,Napos
2016.08.29hétfő,35,20,3.3,Napos
2016.08.30kedd,31,17,4.7,Részben felhõs
2016.08.31szerda,29,15,3.3,Napos
2016.12.01csütörtök,6,-2,7.8,Felhõs
2016.12.02péntek,7,-1,9.7,Napos
2016.12.03szombat,5,-2,3.9,Napos
2016.12.04vasárnap,4,-2,1.4,Részben felhõs
2016.12.05hétfő,4,-2,1.7,Napos
2016.12.06kedd,4,-2,3.1,Napos
2016.12.07szerda,5,-3,1.7,Napos
2016.12.08csütörtök,4,0,2.5,Napos
2016.12.09péntek,7,1,3.9,Napos
2016.12.10szombat,8,3,3.1,Napos
2016.12.11vasárnap,9,3,3.9,Napos
2016.12.12hétfő,8,-1,6.7,Vihar csapadék lehetséges
2016.12.13kedd,3,-3,1.9,Felhõs
2016.12.14szerda,3,-7,2.5,Felhõs
2016.12.15csütörtök,3,-6,1.4,Napos
2016.12.16péntek,5,-4,0.8,Napos
2016.12.17szombat,2,-2,1.9,Napos
2016.12.18vasárnap,0,-8,1.7,Részben felhõs
2016.12.19hétfő,1,-9,1.1,Napos
2016.12.20kedd,3,-3,0.8,Napos
2016.12.21szerda,1,-12,1.7,Napos
2016.12.22csütörtök,3,-12,0.8,Napos
2016.12.23péntek,2,-4,1.9,Napos
2016.12.24szombat,0,-12,1.7,Napos
2016.12.25vasárnap,5,-1,5,Könnyû szitálás
2016.12.26hétfő,10,3,5.6,Részben felhõs
2016.12.27kedd,6,-1,7.5,Felhõs
2016.12.28szerda,4,-2,6.1,Napos
2016.12.29csütörtök,3,-3,3.9,Napos
2016.12.30péntek,3,-4,1.7,Napos
2016.12.31szombat,4,-5,1.4,Napos
2016.06.01szerda,26,14,5,A közelben vihogó kitörések
2016.06.02csütörtök,24,12,2.8,Könnyû szitálás
2016.06.03péntek,28,15,1.4,Hûvös esõ a közelben
2016.06.04szombat,28,15,1.1,Könnyû esõzuhany
2016.06.05vasárnap,28,15,2.2,Hûvös esõ a közelben
2016.06.06hétfő,28,12,4.2,Hûvös esõ a közelben
2016.06.07kedd,24,11,3.6,Felhõs
2016.06.08szerda,25,12,2.8,Részben felhõs
2016.06.09csütörtök,26,14,3.1,Hûvös esõ a közelben
2016.06.10péntek,24,14,3.9,Hûvös esõ a közelben
2016.06.11szombat,26,15,2.5,Könnyû esõzuhany
2016.06.12vasárnap,21,15,4.7,Könnyû esõzuhany
2016.06.13hétfő,27,14,2.5,Könnyû esõzuhany
2016.06.14kedd,25,14,6.7,Napos
2016.06.15szerda,23,13,6.1,Mérsékelt vagy heves esõzuhany
2016.06.16csütörtök,30,20,7.8,Napos
2016.06.17péntek,28,14,10,Napos
2016.06.18szombat,30,15,2.2,Napos
2016.06.19vasárnap,30,16,5.3,Részben felhõs
2016.06.20hétfő,27,15,3.6,Napos
2016.06.21kedd,30,17,2.8,Napos
2016.06.22szerda,33,20,3.3,Napos
2016.06.23csütörtök,35,22,3.3,Napos
2016.06.24péntek,35,22,3.6,Napos
2016.06.25szombat,35,21,5,Napos
2016.06.26vasárnap,34,21,3.3,A közelben vihogó kitörések
2016.06.27hétfő,29,15,5.8,A közelben vihogó kitörések
2016.06.28kedd,27,16,4.4,Könnyû esõzuhany
2016.06.29szerda,32,19,2.2,Napos
2016.06.30csütörtök,32,18,2.8,Napos
2016.05.01vasárnap,20,11,6.7,Hûvös esõ a közelben
2016.05.02hétfő,22,12,5,Felhõs
2016.05.03kedd,20,11,7.2,Könnyû esõzuhany
2016.05.04szerda,21,10,6.1,Könnyû esõzuhany
2016.05.05csütörtök,23,10,4.7,Részben felhõs
2016.05.06péntek,24,11,5.6,Részben felhõs
2016.05.07szombat,21,11,5,Hûvös esõ a közelben
2016.05.08vasárnap,21,9,3.6,Könnyû esõzuhany
2016.05.09hétfő,23,10,2.5,Napos
2016.05.10kedd,23,12,5.6,Napos
2016.05.11szerda,21,12,4.7,Hûvös esõ a közelben
2016.05.12csütörtök,20,11,6.4,Könnyû esõzuhany
2016.05.13péntek,21,10,7.5,Hûvös esõ a közelben
2016.05.14szombat,20,10,5.8,Könnyû esõzuhany
2016.05.15vasárnap,15,5,8.6,Könnyû szitálás
2016.05.16hétfő,15,5,6.4,Hûvös esõ a közelben
2016.05.17kedd,16,7,6.1,Részben felhõs
2016.05.18szerda,20,8,5.8,Részben felhõs
2016.05.19csütörtök,21,11,5.3,Részben felhõs
2016.05.20péntek,24,12,3.1,Napos
2016.05.21szombat,26,13,3.3,Napos
2016.05.22vasárnap,26,15,3.6,Napos
2016.05.23hétfő,28,14,5,Napos
2016.05.24kedd,22,12,8.3,Mérsékelt vagy heves esõzuhany
2016.05.25szerda,24,13,5.8,Részben felhõs
2016.05.26csütörtök,26,14,3.9,Részben felhõs
2016.05.27péntek,29,15,2.5,Napos
2016.05.28szombat,29,17,3.3,Napos
2016.05.29vasárnap,29,17,4.7,Napos
2016.05.30hétfő,26,13,5.6,Napos
2016.05.31kedd,25,12,5.3,Napos
2016.01.01péntek,-1,-4,1.9,Felhõs
2016.01.02szombat,-2,-7,6.7,Részben felhõs
2016.01.03vasárnap,-4,-7,7.2,Napos
2016.01.04hétfő,-6,-8,5.3,Mérsékelt hó
2016.01.05kedd,-3,-9,2.8,Részben felhõs
2016.01.06szerda,0,-8,3.1,Felhõs
2016.01.07csütörtök,1,-5,5.8,Napos
2016.01.08péntek,2,-9,3.3,Részben felhõs
2016.01.09szombat,2,0,4.7,Könnyû szitálás
2016.01.10vasárnap,4,1,3.9,Felhõs
2016.01.11hétfő,10,3,9.7,Részben felhõs
2016.01.12kedd,6,2,6.7,Könnyû esõzuhany
2016.01.13szerda,6,1,8.9,"Hûvös, könnyû szitálás"
2016.01.14csütörtök,5,-1,8.1,Napos
2016.01.15péntek,2,-2,6.9,Enyhe havazás
2016.01.16szombat,4,-3,5.6,Napos
2016.01.17vasárnap,1,-4,6.7,Napos
2016.01.18hétfő,2,-4,5.8,Napos
2016.01.19kedd,1,-5,2.5,Napos
2016.01.20szerda,0,-4,3.6,Napos
2016.01.21csütörtök,1,-4,7.5,Napos
2016.01.22péntek,3,-3,2.8,Napos
2016.01.23szombat,-1,-5,2.8,Napos
2016.01.24vasárnap,2,-1,1.7,Felhõs
2016.01.25hétfő,3,0,3.6,Könnyû esõ
2016.01.26kedd,5,2,2.8,Köd
2016.01.27szerda,9,3,2.8,Napos
2016.01.28csütörtök,9,3,3.3,Napos
2016.01.29péntek,8,3,2.8,Könnyû esõ
2016.01.30szombat,9,2,6.1,Napos
2016.01.31vasárnap,9,4,6.7,"Hûvös, könnyû szitálás"
2016.03.01kedd,10,2,11.7,Felhõs
2016.03.02szerda,10,4,9.7,Részben felhõs
2016.03.03csütörtök,9,4,5.3,Felhõs
2016.03.04péntek,13,3,5,Részben felhõs
2016.03.05szombat,13,7,8.1,Részben felhõs
2016.03.06vasárnap,13,6,7.5,Részben felhõs
2016.03.07hétfő,11,5,3.1,Könnyû szitálás
2016.03.08kedd,12,3,3.9,Hûvös esõ a közelben
2016.03.09szerda,13,5,3.3,Napos
2016.03.10csütörtök,14,8,5.3,Felhõs
2016.03.11péntek,14,6,5,Felhõs
2016.03.12szombat,12,6,6.4,Felhõs
2016.03.13vasárnap,13,2,8.9,Részben felhõs
2016.03.14hétfő,10,3,8.1,Napos
2016.03.15kedd,6,3,5,Könnyû hó
2016.03.16szerda,10,5,5.8,Részben felhõs
2016.03.17csütörtök,13,5,3.1,Napos
2016.03.18péntek,13,5,6.4,Napos
2016.03.19szombat,11,2,4.7,Felhõs
2016.03.20vasárnap,13,5,5.6,Felhõs
2016.03.21hétfő,12,4,7.2,Napos
2016.03.22kedd,12,4,7.2,Napos
2016.03.23szerda,11,5,6.9,Felhõs
2016.03.24csütörtök,12,3,6.9,Napos
2016.03.25péntek,11,6,3.3,Felhõs
2016.03.26szombat,13,6,5,Könnyû esõzuhany
2016.03.27vasárnap,14,5,3.3,Részben felhõs
2016.03.28hétfő,14,8,3.9,Napos
2016.03.29kedd,16,6,6.7,Könnyû esõzuhany
2016.03.30szerda,19,10,8.6,Hûvös esõ a közelben
2016.03.31csütörtök,21,12,9.7,Hûvös esõ a közelben
2016.11.01kedd,13,5,2.5,Részben felhõs
2016.11.02szerda,15,5,4.7,Részben felhõs
2016.11.03csütörtök,10,1,3.9,Részben felhõs
2016.11.04péntek,10,2,1.7,Részben felhõs
2016.11.05szombat,9,1,3.3,Részben felhõs
2016.11.06vasárnap,15,7,5.3,Könnyû esõzuhany
2016.11.07hétfő,10,4,4.4,Részben felhõs
2016.11.08kedd,8,4,2.8,Vihar csapadék lehetséges
2016.11.09szerda,8,1,3.6,Napos
2016.11.10csütörtök,6,-1,2.5,Vihar csapadék lehetséges
2016.11.11péntek,9,3,3.6,Részben felhõs
2016.11.12szombat,6,0,5.8,Mérsékelt esõ
2016.11.13vasárnap,5,0,4.4,Részben felhõs
2016.11.14hétfő,6,1,1.7,Részben felhõs
2016.11.15kedd,6,-1,1.4,Napos
2016.11.16szerda,4,1,3.1,Felhõs
2016.11.17csütörtök,7,2,2.5,Felhõs
2016.11.18péntek,12,3,4.2,Részben felhõs
2016.11.19szombat,11,8,4.2,Felhõs
2016.11.20vasárnap,13,6,3.1,Felhõs
2016.11.21hétfő,12,5,3.6,Részben felhõs
2016.11.22kedd,11,5,3.3,Napos
2016.11.23szerda,10,5,3.1,Napos
2016.11.24csütörtök,9,4,2.8,Napos
2016.11.25péntek,10,4,2.5,Részben felhõs
2016.11.26szombat,11,4,1.9,Részben felhõs
2016.11.27vasárnap,10,-1,4.7,Napos
2016.11.28hétfő,4,-1,6.1,Napos
2016.11.29kedd,3,-2,3.6,Napos
2016.11.30szerda,4,-5,3.6,Részben felhõs
2016.09.01csütörtök,32,17,2.8,Napos
2016.09.02péntek,30,16,3.9,Napos
2016.09.03szombat,31,17,2.2,Napos
2016.09.04vasárnap,32,18,3.3,Részben felhõs
2016.09.05hétfő,22,13,6.1,Könnyû esõ
2016.09.06kedd,25,16,3.9,Felhõs
2016.09.07szerda,30,19,5.8,Napos
2016.09.08csütörtök,31,19,2.5,Napos
2016.09.09péntek,32,20,3.3,Napos
2016.09.10szombat,33,19,2.8,Napos
2016.09.11vasárnap,33,20,2.5,Napos
2016.09.12hétfő,32,20,2.8,Napos
2016.09.13kedd,32,18,2.8,Részben felhõs
2016.09.14szerda,31,17,3.1,Napos
2016.09.15csütörtök,31,17,3.9,Napos
2016.09.16péntek,31,19,6.4,Napos
2016.09.17szombat,27,14,4.2,Könnyû esõzuhany
2016.09.18vasárnap,26,16,3.9,Részben felhõs
2016.09.19hétfő,26,13,4.7,Hûvös esõ a közelben
2016.09.20kedd,23,14,4.7,Részben felhõs
2016.09.21szerda,20,10,3.1,Hûvös esõ a közelben
2016.09.22csütörtök,20,9,4.7,Napos
2016.09.23péntek,21,11,3.3,Felhõs égbolt
2016.09.24szombat,24,13,3.3,Napsütéses égbolt
2016.09.25vasárnap,23,11,3.6,Részben felhõs égbolt
2016.09.26hétfő,23,12,2.5,Napsütéses égbolt
2016.09.27kedd,24,14,2.2,Napsütéses égbolt
2016.09.28szerda,25,14,3.9,Napsütéses égbolt
2016.09.29csütörtök,26,14,5.8,Napsütéses égbolt
2016.09.30péntek,26,13,4.7,Napsütéses égbolt
2016.10.01szombat,25,14,5.3,Napos
2016.10.02vasárnap,25,13,5.3,Vihar csapadék lehetséges
2016.10.03hétfő,20,11,10,Részben felhõs
2016.10.04kedd,15,6,8.9,Könnyû szitálás
2016.10.05szerda,12,7,6.9,Részben felhõs
2016.10.06csütörtök,11,4,5.8,Mérsékelt esõ
2016.10.07péntek,14,5,1.4,Részben felhõs
2016.10.08szombat,14,5,2.5,Napos
2016.10.09vasárnap,15,6,2.8,Részben felhõs
2016.10.10hétfő,16,8,2.2,Felhõs
2016.10.11kedd,15,5,4.7,Vihar csapadék lehetséges
2016.10.12szerda,14,11,7.8,Könnyû esõ
2016.10.13csütörtök,17,9,3.9,Vihar csapadék lehetséges
2016.10.14péntek,17,10,3.1,Napos
2016.10.15szombat,17,10,3.6,Vihar csapadék lehetséges
2016.10.16vasárnap,19,9,1.7,Részben felhõs
2016.10.17hétfő,14,8,3.1,Felhõs
2016.10.18kedd,12,6,3.6,"Hûvös, könnyû szitálás"
2016.10.19szerda,13,5,2.5,Felhõs
2016.10.20csütörtök,12,9,3.1,Könnyû esõ
2016.10.21péntek,11,8,1.4,Részben felhõs
2016.10.22szombat,14,6,2.8,Napos
2016.10.23vasárnap,14,4,2.8,Részben felhõs
2016.10.24hétfő,17,12,2.8,Részben felhõs
2016.10.25kedd,19,11,3.3,Felhõs
2016.10.26szerda,14,9,1.9,Könnyû szitálás
2016.10.27csütörtök,12,7,1.1,Felhõs
2016.10.28péntek,13,6,1.7,Napos
2016.10.29szombat,15,6,5.3,Napos
2016.10.30vasárnap,12,4,4.7,Felhõs
2016.10.31hétfő,10,3,4.4,Napos
2016.02.01hétfő,11,-2,7.5,Hûvös esõ a közelben
2016.02.02kedd,12,4,4.2,Részben felhõs
2016.02.03szerda,9,2,7.8,Mérsékelt esõ
2016.02.04csütörtök,6,1,11.1,Napos
2016.02.05péntek,6,1,8.1,Napos
2016.02.06szombat,7,1,4.2,Napos
2016.02.07vasárnap,8,4,5.8,Felhõs
2016.02.08hétfő,9,6,7.2,Könnyû szitálás
2016.02.09kedd,13,8,10,Részben felhõs
2016.02.10szerda,9,3,13.3,Könnyû esõ
2016.02.11csütörtök,7,2,9.2,Felhõs
2016.02.12péntek,8,1,5.8,Felhõs
2016.02.13szombat,6,2,6.4,Könnyû szitálás
2016.02.14vasárnap,10,4,5,Felhõs
2016.02.15hétfő,8,3,5.3,Mérsékelt esõ
2016.02.16kedd,8,3,4.2,Könnyû esõ
2016.02.17szerda,11,7,8.6,Felhõs
2016.02.18csütörtök,12,7,6.4,Felhõs
2016.02.19péntek,8,2,9.7,Könnyû esõ
2016.02.20szombat,7,-3,7.8,Napos
2016.02.21vasárnap,11,7,8.9,Hûvös esõ a közelben
2016.02.22hétfő,14,8,6.4,Felhõs
2016.02.23kedd,13,7,5.3,Könnyû szitálás
2016.02.24szerda,8,1,8.9,Napos
2016.02.25csütörtök,7,-2,6.7,Felhõs
2016.02.26péntek,7,0,5.3,Napos
2016.02.27szombat,7,-2,5.3,Napos
2016.02.28vasárnap,12,7,5.3,Felhõs
2016.02.29hétfő,13,8,9.4,Hûvös esõ a közelben
2016.07.01péntek,33,20,1.9,Könnyû esõzuhany
2016.07.02szombat,34,18,2.8,Részben felhõs
2016.07.03vasárnap,28,15,8.3,Részben felhõs
2016.07.04hétfő,27,15,3.9,Napos
2016.07.05kedd,30,18,3.3,Részben felhõs
2016.07.06szerda,26,13,8.9,Napos
2016.07.07csütörtök,24,12,6.9,Napos
2016.07.08péntek,30,17,3.1,Részben felhõs
2016.07.09szombat,29,15,8.1,Napos
2016.07.10vasárnap,32,18,3.1,Napos
2016.07.11hétfő,35,19,3.9,Napos
2016.07.12kedd,35,20,4.7,Napos
2016.07.13szerda,33,16,3.6,Napos
2016.07.14csütörtök,23,14,10,Felhõs
2016.07.15péntek,26,14,7.8,Napos
2016.07.16szombat,18,14,7.5,Könnyû esõ
2016.07.17vasárnap,19,15,6.1,Mérsékelt esõ
2016.07.18hétfő,27,15,6.9,Napos
2016.07.19kedd,27,16,5,Részben felhõs
2016.07.20szerda,29,17,3.1,Részben felhõs
2016.07.21csütörtök,30,18,3.1,Napos
2016.07.22péntek,33,19,2.8,Könnyû esõzuhany
2016.07.23szombat,33,21,3.1,Részben felhõs
2016.07.24vasárnap,33,21,3.9,Részben felhõs
2016.07.25hétfő,34,22,2.5,A közelben vihogó kitörések
2016.07.26kedd,34,22,2.5,A közelben vihogó kitörések
2016.07.27szerda,34,21,3.3,Részben felhõs
2016.07.28csütörtök,31,19,4.7,Felhõs
2016.07.29péntek,32,20,5,Napos
2016.07.30szombat,33,19,4.2,Részben felhõs
2016.07.31vasárnap,34,20,5,Napos
2016.04.01péntek,22,9,8.9,Napos
2016.04.02szombat,15,6,5.3,Napos
2016.04.03vasárnap,21,12,5.8,Napos
2016.04.04hétfő,24,12,8.3,Napos
2016.04.05kedd,25,13,8.6,Napos
2016.04.06szerda,24,12,8.9,Napos
2016.04.07csütörtök,25,14,3.6,Könnyû esõ a mennydörgésnek
2016.04.08péntek,23,14,4.2,Könnyû szitálás
2016.04.09szombat,20,12,3.6,Könnyû esõzuhany
2016.04.10vasárnap,19,11,5.3,Felhõs
2016.04.11hétfő,20,12,4.4,Napos
2016.04.12kedd,22,12,2.5,Részben felhõs
2016.04.13szerda,23,11,6.4,Részben felhõs
2016.04.14csütörtök,17,8,13.1,Hûvös esõ a közelben
2016.04.15péntek,20,10,6.7,Napos
2016.04.16szombat,23,12,11.7,Napos
2016.04.17vasárnap,25,12,12.8,Napos
2016.04.18hétfő,23,9,6.7,Részben felhõs
2016.04.19kedd,19,7,8.6,Napos
2016.04.20szerda,15,7,9.2,Napos
2016.04.21csütörtök,20,10,3.6,Napos
2016.04.22péntek,22,9,4.2,Napos
2016.04.23szombat,21,11,3.6,Részben felhõs
2016.04.24vasárnap,11,4,12.2,Könnyû esõ
2016.04.25hétfő,12,2,7.8,Hûvös esõ a közelben
2016.04.26kedd,15,6,6.9,Napos
2016.04.27szerda,13,2,9.4,Könnyû esõzuhany
2016.04.28csütörtök,16,8,4.2,Részben felhõs
2016.04.29péntek,20,10,3.9,Napos
2016.04.30szombat,21,10,2.5,Napos
2017.08.01kedd,31.7,20.8,3.9,0
2017.08.02szerda,34.7,23.4,5.5,0
2017.08.03csütörtök,34.6,20.5,2.1,0
2017.08.04péntek,36.8,22.6,2.1,2.8
2017.08.05szombat,33.8,24.9,6.6,0
2017.08.06vasárnap,32.7,23.1,7.9,0.4
2017.08.07hétfő,23.7,16.6,4.8,4.2
2017.08.08kedd,29.2,13.7,3,0
2017.08.09szerda,29.3,18.2,4.6,0
2017.08.10csütörtök,36.1,22.9,5.3,0
2017.08.11péntek,34.3,22.4,6,0
2017.08.12szombat,23.5,19.9,8.6,0.5
2017.08.13vasárnap,26.4,17.1,8.1,0
2017.08.14hétfő,25.2,12.7,3.4,0
2017.08.15kedd,27.4,14.9,3.2,0
2017.08.16szerda,28,14.6,2.8,0
2017.08.17csütörtök,30.8,16.3,2.4,0
2017.08.18péntek,32.9,18,3.8,0
2017.08.19szombat,32.7,20.5,7.9,0.3
2017.08.20vasárnap,20.9,14.7,7.2,7.8
2017.08.21hétfő,23.4,13.1,6.1,0
2017.08.22kedd,22.5,10.7,2.7,0
2017.08.23szerda,23.7,10.8,3.5,0
2017.08.24csütörtök,26.3,9.1,2.9,0.1
2017.08.25péntek,29.5,14.1,2.2,0
2017.08.26szombat,30.2,16.4,2.6,0
2017.08.27vasárnap,32.2,18.3,4.4,0
2017.08.28hétfő,25.3,17,3.7,0
2017.08.29kedd,25.7,14.7,3,0
2017.08.30szerda,28,12.1,3.5,0
2017.08.31csütörtök,28.5,12.8,3.9,0
2017.12.01péntek,3.1,-3.9,3.8,0
2017.12.02szombat,-0.1,-5.9,2.8,0.1
2017.12.03vasárnap,-1.3,-5.6,3.8,0.2
2017.12.04hétfő,1.5,-3.7,6.4,0.6
2017.12.05kedd,2.8,-0.5,6.4,0.3
2017.12.06szerda,3.3,-0.1,7.4,0
2017.12.07csütörtök,4.7,-2.7,4.6,0
2017.12.08péntek,7.6,-2.9,8.3,12
2017.12.09szombat,2.5,0.1,8.4,1
2017.12.10vasárnap,2.5,-2.8,9.1,1.2
2017.12.11hétfő,10.4,2.3,8.9,5.9
2017.12.12kedd,13.7,10,8.7,3.8
2017.12.13szerda,5,0.9,5.8,2
2017.12.14csütörtök,5.5,-1.8,5.6,5.5
2017.12.15péntek,8.7,3,7,27.6
2017.12.16szombat,5.5,0.9,4.7,3.8
2017.12.17vasárnap,3,-2.3,5.5,0
2017.12.18hétfő,0.6,-5.1,2.2,0.2
2017.12.19kedd,-1,-5.6,2.1,0.2
2017.12.20szerda,-2.4,-7.2,2,0.2
2017.12.21csütörtök,-1.8,-8.8,3.6,0.6
2017.12.22péntek,3.4,-1.8,5.7,0
2017.12.23szombat,2.9,-1.1,7.5,0.2
2017.12.24vasárnap,7.7,2.9,8.6,0.2
2017.12.25hétfő,6.2,-2.6,4.7,0
2017.12.26kedd,8.2,-0.5,6.7,0.1
2017.12.27szerda,8,1.8,7.2,0
2017.12.28csütörtök,7.3,2.2,7.5,7
2017.12.29péntek,2.4,-1.8,9.5,0.4
2017.12.30szombat,2,-4.3,5.3,0.2
2017.12.31vasárnap,4.4,-0.3,5,3.9
2017.06.01csütörtök,27,13,3.6,Napos
2017.06.02péntek,29,14,1.4,Napos
2017.06.03szombat,30,16,2.8,0
2017.06.04vasárnap,30,16,7.2,0
2017.06.05hétfő,28,17,4.2,0
2017.06.06kedd,31,18,5,0
2017.06.07szerda,23,16,6.4,0
2017.06.08csütörtök,25,14,5.3,0
2017.06.09péntek,27,12,2.8,0
2017.06.10szombat,27,14,6.1,0
2017.06.11vasárnap,28,12,2.5,0
2017.06.12hétfő,30,13,5.6,0
2017.06.13kedd,28,18,8.1,0
2017.06.14szerda,26,15,6.1,0
2017.06.15csütörtök,27,14,3.3,0
2017.06.16péntek,24,13,4.4,1
2017.06.17szombat,21,14,10.6,0
2017.06.18vasárnap,27,14,7.2,0
2017.06.19hétfő,29,16,3.1,0
2017.06.20kedd,32,15,4.2,0
2017.06.21szerda,33,17,4.4,0
2017.06.22csütörtök,34,18,4.4,0
2017.06.23péntek,32,20,10.3,1
2017.06.24szombat,32,18,5.8,0
2017.06.25vasárnap,30,20,4.2,23
2017.06.26hétfő,30,18,5,0
2017.06.27kedd,31,16,4.7,0
2017.06.28szerda,33,19,7.2,4
2017.06.29csütörtök,28,17,8.6,3
2017.06.30péntek,29,18,7.8,2
2017.05.01hétfő,20,11,3.6,Napos
2017.05.02kedd,22,11,2.2,Vihar csapadék lehetséges
2017.05.03szerda,22,12,2.2,Részben felhõs
2017.05.04csütörtök,23,10,2.2,Napos
2017.05.05péntek,22,10,2.2,Vihar csapadék lehetséges
2017.05.06szombat,23,12,2.5,Részben felhõs
2017.05.07vasárnap,21,9,3.1,Könnyû esõzuhany
2017.05.08hétfő,19,8,5,Napos
2017.05.09kedd,14,6,3.6,Felhõs
2017.05.10szerda,15,6,2.5,Napos
2017.05.11csütörtök,21,12,4.2,Napos
2017.05.12péntek,23,13,4.7,Könnyû esõzuhany
2017.05.13szombat,23,13,4.2,Felhõs
2017.05.14vasárnap,25,11,1.7,Részben felhõs
2017.05.15hétfő,25,14,1.1,Felhõs
2017.05.16kedd,25,12,2.5,Vihar csapadék lehetséges
2017.05.17szerda,25,13,3.3,Napos
2017.05.18csütörtök,26,14,2.5,Napos
2017.05.19péntek,26,13,3.1,Napos
2017.05.20szombat,24,13,5,Napos
2017.05.21vasárnap,24,12,4.2,Mérsékelt vagy heves esõzuhany
2017.05.22hétfő,26,16,2.5,Részben felhõs
2017.05.23kedd,26,14,1.7,Részben felhõs
2017.05.24szerda,21,9,5.6,Részben felhõs
2017.05.25csütörtök,20,10,4.4,Vihar csapadék lehetséges
2017.05.26péntek,23,12,3.6,Napos
2017.05.27szombat,26,13,2.8,Napos
2017.05.28vasárnap,26,14,3.1,Napos
2017.05.29hétfő,27,14,2.5,Napos
2017.05.30kedd,29,17,2.5,Napos
2017.05.31szerda,30,17,3.3,Napos
2017.01.01vasárnap,4,-5,1.7,Napos
2017.01.02hétfő,3,-2,2.2,Napos
2017.01.03kedd,2,-3,5,Napos
2017.01.04szerda,2,-2,5.8,Nehéz hó
2017.01.05csütörtök,0,-8,6.7,Napos
2017.01.06péntek,-7,-13,6.4,Napos
2017.01.07szombat,-8,-13,4.4,Napos
2017.01.08vasárnap,-7,-17,2.5,Napos
2017.01.09hétfő,-4,-11,3.3,Napos
2017.01.10kedd,-6,-11,1.9,Napos
2017.01.11szerda,-4,-9,3.1,Napos
2017.01.12csütörtök,3,-8,4.2,Mérsékelt hó
2017.01.13péntek,2,-3,5.3,Mérsékelt vagy nehéz hó
2017.01.14szombat,1,-3,6.4,Napos
2017.01.15vasárnap,0,-7,3.9,Napos
2017.01.16hétfő,-3,-7,2.8,Köd
2017.01.17kedd,-1,-8,3.6,Részben felhõs
2017.01.18szerda,-2,-10,2.8,Napos
2017.01.19csütörtök,-2,-12,1.4,Napos
2017.01.20péntek,-1,-10,0.8,Napos
2017.01.21szombat,0,-9,1.4,Napos
2017.01.22vasárnap,-1,-9,1.7,Napos
2017.01.23hétfő,-1,-8,1.9,Napos
2017.01.24kedd,0,-7,2.2,Napos
2017.01.25szerda,0,-6,2.2,Napos
2017.01.26csütörtök,0,-9,2.2,Napos
2017.01.27péntek,-1,-10,1.4,Napos
2017.01.28szombat,-2,-10,1.9,Napos
2017.01.29vasárnap,2,-8,0.6,Napos
2017.01.30hétfő,0,-8,1.9,Napos
2017.01.31kedd,-2,-12,3.6,Enyhe havazás
2017.03.01szerda,11,4,6.1,Részben felhõs
2017.03.02csütörtök,12,6,3.6,Könnyû szitálás
2017.03.03péntek,12,3,3.3,Felhõs
2017.03.04szombat,15,4,5.3,Részben felhõs
2017.03.05vasárnap,13,5,4.7,Mérsékelt esõ
2017.03.06hétfő,11,4,3.3,Könnyû szitálás
2017.03.07kedd,9,6,4.2,Könnyû esõ
2017.03.08szerda,12,5,4.7,Vihar csapadék lehetséges
2017.03.09csütörtök,12,3,2.2,Könnyû esõ
2017.03.10péntek,9,3,5,Nagy esõ
2017.03.11szombat,10,4,3.9,Felhõs
2017.03.12vasárnap,9,2,3.6,Könnyû szitálás
2017.03.13hétfő,12,3,2.8,Részben felhõs
2017.03.14kedd,11,2,2.2,Részben felhõs
2017.03.15szerda,13,4,3.3,Felhõs
2017.03.16csütörtök,13,3,5,Részben felhõs
2017.03.17péntek,13,7,3.3,Könnyû esõzuhany
2017.03.18szombat,11,7,5.3,Mérsékelt esõ
2017.03.19vasárnap,11,7,5.8,Mérsékelt esõ
2017.03.20hétfő,16,9,5,"Hûvös, könnyû szitálás"
2017.03.21kedd,20,10,2.2,Felhõs
2017.03.22szerda,21,11,1.9,Zümmögõ kitörések lehetségesek
2017.03.23csütörtök,21,10,2.8,Köd
2017.03.24péntek,21,7,3.3,Vihar csapadék lehetséges
2017.03.25szombat,15,5,3.3,Részben felhõs
2017.03.26vasárnap,12,3,3.9,Napos
2017.03.27hétfő,15,6,2.5,Napos
2017.03.28kedd,18,8,2.8,Napos
2017.03.29szerda,19,9,4.2,Napos
2017.03.30csütörtök,19,8,4.2,Részben felhõs
2017.03.31péntek,19,10,3.1,Napos
2017.11.01szerda,10,0.5,4.1,0
2017.11.02csütörtök,11.6,3.2,5,0
2017.11.03péntek,11.4,3.9,5.6,0.1
2017.11.04szombat,11.4,1.3,3.4,0
2017.11.05vasárnap,11.7,4.9,4.5,0.7
2017.11.06hétfő,12.7,5.8,5.6,0.1
2017.11.07kedd,11.2,2.9,5,1.9
2017.11.08szerda,10.4,6.2,4.4,1.9
2017.11.09csütörtök,9.8,7,3.2,2.1
2017.11.10péntek,8.6,3.1,3.4,0.8
2017.11.11szombat,10.5,4.6,4.7,0.3
2017.11.12vasárnap,9.7,4.3,6.5,5.3
2017.11.13hétfő,9.1,5.1,6.3,13.8
2017.11.14kedd,7.2,2.7,5.3,3.6
2017.11.15szerda,5.8,-3.1,2.9,0
2017.11.16csütörtök,6.4,0.7,2.2,0
2017.11.17péntek,6.2,-0.1,2.6,0.1
2017.11.18szombat,5.3,-0,4.7,5
2017.11.19vasárnap,6.1,-0.1,4.5,0.7
2017.11.20hétfő,5.9,2.2,6.9,0.5
2017.11.21kedd,7.8,1.5,7.6,2
2017.11.22szerda,9.1,3,4.4,0.6
2017.11.23csütörtök,8.4,-0.2,2.2,0.2
2017.11.24péntek,7.8,2.4,2.4,0.2
2017.11.25szombat,8.8,5.1,6.1,0.5
2017.11.26vasárnap,6.3,2.3,7.7,8.7
2017.11.27hétfő,5,-0.3,6.6,0
2017.11.28kedd,4.4,-3,3.4,0
2017.11.29szerda,2.1,-2,5.3,3.2
2017.11.30csütörtök,3.7,0.8,7.7,23.5
2017.09.01péntek,31,15.8,3.8,2.9
2017.09.02szombat,22.2,16,4.8,10.9
2017.09.03vasárnap,20.2,15.1,4.8,2.2
2017.09.04hétfő,18.9,12.1,6.7,1.9
2017.09.05kedd,21.6,9.6,5.9,0
2017.09.06szerda,22.2,10.4,6.7,2.1
2017.09.07csütörtök,19.5,12.6,7.4,0
2017.09.08péntek,21.4,8.7,3,0
2017.09.09szombat,24.5,11.3,4.4,1
2017.09.10vasárnap,26,13.8,5.4,0
2017.09.11hétfő,26.1,18.6,4.5,3.4
2017.09.12kedd,20.1,14.3,6.6,1.8
2017.09.13szerda,22,12.6,6.6,0
2017.09.14csütörtök,22.7,12.6,9.8,0.8
2017.09.15péntek,17.3,12.2,8.2,0.5
2017.09.16szombat,19.1,13,3.6,1.8
2017.09.17vasárnap,16.6,9.4,8.2,11.6
2017.09.18hétfő,17.3,10.3,3.4,0.8
2017.09.19kedd,14.8,11.3,5.3,9.9
2017.09.20szerda,16.3,12.5,2.7,15
2017.09.21csütörtök,13.8,12.2,7.5,5.4
2017.09.22péntek,17,10.5,7,0.4
2017.09.23szombat,13,10.4,7.7,16.9
2017.09.24vasárnap,16.7,9.2,5.8,0.2
2017.09.25hétfő,16.9,10.9,3.6,0.9
2017.09.26kedd,20.9,7.8,4.1,0
2017.09.27szerda,16.7,12.1,4.5,0
2017.09.28csütörtök,16.6,8,3.8,0
2017.09.29péntek,16.8,5.5,2.1,0
2017.09.30szombat,16.9,4.3,2.1,0
2017.10.01vasárnap,16.2,4.7,2.4,0
2017.10.02hétfő,17,3.1,5.3,0
2017.10.03kedd,15.6,4.9,4.3,6.1
2017.10.04szerda,16.1,10.1,6.9,0
2017.10.05csütörtök,19.6,10.5,9.9,0
2017.10.06péntek,14.9,10.5,7.7,0
2017.10.07szombat,14.8,8.3,6.4,0
2017.10.08vasárnap,14.8,6.8,7.6,0.1
2017.10.09hétfő,13.6,9.1,5.4,0.1
2017.10.10kedd,16,8.2,4.5,0.2
2017.10.11szerda,17.8,10.6,4.5,0.4
2017.10.12csütörtök,20.3,8.2,5,0
2017.10.13péntek,17.6,11,5.4,0
2017.10.14szombat,18.4,9,3.1,0
2017.10.15vasárnap,20.5,9,2.8,0
2017.10.16hétfő,21,9.7,2,0
2017.10.17kedd,21.4,9.6,2.9,0
2017.10.18szerda,20.5,10.8,3,0
2017.10.19csütörtök,18.8,8,2,0
2017.10.20péntek,19.4,7.7,2.3,0
2017.10.21szombat,16.9,7.7,2,0
2017.10.22vasárnap,16.4,8.6,4.8,5.8
2017.10.23hétfő,10.6,9.3,7.3,44.8
2017.10.24kedd,13.1,5,6.8,0
2017.10.25szerda,12.2,2.8,3.6,0.2
2017.10.26csütörtök,15.3,6.1,3.8,0
2017.10.27péntek,14.6,8.8,8.4,1.3
2017.10.28szombat,10,6.1,8.1,0.2
2017.10.29vasárnap,10.2,5.4,14.4,8.5
2017.10.30hétfő,8,4.2,9.1,0.1
2017.10.31kedd,8.4,2.9,6.1,0
2017.02.01szerda,2,-1,3.3,Könnyû szitálás
2017.02.02csütörtök,3,2,2.8,Köd
2017.02.03péntek,7,3,2.5,Köd
2017.02.04szombat,8,3,2.5,Felhõs
2017.02.05vasárnap,7,2,3.3,Napos
2017.02.06hétfő,6,2,5.6,Könnyû szitálás
2017.02.07kedd,4,-1,3.6,Könnyû hó
2017.02.08szerda,3,0,1.1,Felhõs
2017.02.09csütörtök,4,-1,2.5,Felhõs
2017.02.10péntek,3,-1,2.5,Felhõs
2017.02.11szombat,4,-1,2.2,Felhõs
2017.02.12vasárnap,5,-1,1.9,Napos
2017.02.13hétfő,6,-1,1.1,Napos
2017.02.14kedd,7,1,1.9,Napos
2017.02.15szerda,10,3,1.4,Napos
2017.02.16csütörtök,8,0,1.4,Napos
2017.02.17péntek,7,0,2.2,Napos
2017.02.18szombat,7,1,1.9,Felhõs
2017.02.19vasárnap,7,0,1.4,Felhõs
2017.02.20hétfő,8,2,3.1,Részben felhõs
2017.02.21kedd,8,3,5.6,Mérsékelt esõ
2017.02.22szerda,11,2,4.7,Vihar csapadék lehetséges
2017.02.23csütörtök,14,4,5.3,Részben felhõs
2017.02.24péntek,9,2,5,Könnyû szitálás
2017.02.25szombat,7,1,4.4,Napos
2017.02.26vasárnap,8,2,2.5,Részben felhõs
2017.02.27hétfő,12,7,2.8,Felhõs
2017.02.28kedd,15,6,6.9,Felhõs
2017.07.01szombat,26,15,6.1,14
2017.07.02vasárnap,25,15,6.9,0
2017.07.03hétfő,25,16,6.7,0
2017.07.04kedd,27,12,5.3,0
2017.07.05szerda,30,17,4.2,0
2017.07.06csütörtök,30,17,5.6,0
2017.07.07péntek,28,17,4.7,0
2017.07.08szombat,32,16,6.7,0
2017.07.09vasárnap,30,18,2.2,0
2017.07.10hétfő,36,20,6.4,21
2017.07.11kedd,31.48,22.16,3.7,0.4
2017.07.12szerda,32.14,19.55,2.2,1.5
2017.07.13csütörtök,24.78,17.3,7,1
2017.07.14péntek,24.71,14.39,1.6,0
2017.07.15szombat,24.83,15.19,5.2,2.4
2017.07.16vasárnap,25.43,14.36,3.4,0
2017.07.17hétfő,29.02,16.6,1.5,0
2017.07.18kedd,31.16,19.56,1.3,0
2017.07.19szerda,33.04,17.75,2.3,0
2017.07.20csütörtök,34.84,18.64,1.6,0
2017.07.21péntek,33.28,22.94,4,0
2017.07.22szombat,34.21,21.52,1.9,5
2017.07.23vasárnap,33.89,21.58,2.5,0.6
2017.07.24hétfő,30.87,21.92,3.1,8.3
2017.07.25kedd,22.1,15.1,8.4,12.9
2017.07.26szerda,20.7,13.2,5.9,0
2017.07.27csütörtök,20.7,12.8,7.1,1
2017.07.28péntek,23.1,15.9,6.8,0.2
2017.07.29szombat,26.4,16,3.3,0
2017.07.30vasárnap,27.9,16.4,4.7,0
2017.07.31hétfő,30,18.3,3.8,0
2017.04.01szombat,20,9,3.9,Napos
2017.04.02vasárnap,24,11,2.5,Napos
2017.04.03hétfő,24,11,1.7,Napos
2017.04.04kedd,22,10,3.3,Napos
2017.04.05szerda,17,10,1.9,Könnyû esõ
2017.04.06csütörtök,11,4,7.5,Felhõs
2017.04.07péntek,11,2,7.5,Vihar csapadék lehetséges
2017.04.08szombat,17,8,5.8,Napos
2017.04.09vasárnap,18,8,1.7,Részben felhõs
2017.04.10hétfő,19,10,3.1,Részben felhõs
2017.04.11kedd,15,5,6.1,Napos
2017.04.12szerda,16,9,3.1,Felhõs
2017.04.13csütörtök,17,6,5.8,Könnyû esõzuhany
2017.04.14péntek,15,6,4.4,Napos
2017.04.15szombat,17,9,2.5,Vihar csapadék lehetséges
2017.04.16vasárnap,14,5,5.6,Részben felhõs
2017.04.17hétfő,15,5,2.5,Napos
2017.04.18kedd,12,3,5,Felhõs
2017.04.19szerda,7,3,6.9,Mérsékelt esõ
2017.04.20csütörtök,8,0,6.9,Nehéz hó
2017.04.21péntek,11,4,4.7,Napos
2017.04.22szombat,13,4,6.1,Könnyû esõzuhany
2017.04.23vasárnap,12,2,6.7,Felhõs
2017.04.24hétfő,14,6,4.2,Napos
2017.04.25kedd,20,9,6.7,Napos
2017.04.26szerda,20,12,6.1,Napos
2017.04.27csütörtök,22,13,3.9,Könnyû esõzuhany
2017.04.28péntek,18,6,4.2,"Hûvös, könnyû szitálás"
2017.04.29szombat,15,7,5,Felhõs
2017.04.30vasárnap,17,7,2.2,Napos
2018.08.01szerda,30.4,22.2,4.4,0
2018.08.02csütörtök,30.4,20.7,2,6.7
2018.08.03péntek,29.2,20.6,4.6,0
2018.08.04szombat,28.4,17.9,2.6,0
2018.08.05vasárnap,30.2,17.9,2.7,0
2018.08.06hétfő,28.9,18.9,3.3,0.1
2018.08.07kedd,29.1,18.2,3.4,0
2018.08.08szerda,31.5,18.1,3.9,0
2018.08.09csütörtök,32.4,20,4.7,0
2018.08.10péntek,33.2,23,4.6,1.1
2018.08.11szombat,27.6,18.7,5.1,1
2018.08.12vasárnap,30.1,17.5,2.9,0
2018.08.13hétfő,32.4,18,4.8,0
2018.08.14kedd,29.1,20,5.7,0
2018.08.15szerda,27.2,20.2,5.6,0
2018.08.16csütörtök,27.9,15,2.8,0
2018.08.17péntek,29.3,17.5,3.4,0
2018.08.18szombat,29.7,19.3,2,0.2
2018.08.19vasárnap,31.3,18.7,4,0
2018.08.20hétfő,32.1,20.1,3.2,0.1
2018.08.21kedd,32.3,21,2.5,0
2018.08.22szerda,32.4,21.6,4,0
2018.08.23csütörtök,31.2,21.6,3.9,0.9
2018.08.24péntek,30.3,18.4,3.7,2.6
2018.08.25szombat,24,18.3,6.8,0.2
2018.08.26vasárnap,16.6,14.2,6.2,16.8
2018.08.27hétfő,21.2,8.9,2.5,0
2018.08.28kedd,25.6,9.6,3.9,0
2018.08.29szerda,26.4,12.1,3.5,0
2018.08.30csütörtök,27.5,13.1,2.5,0
2018.08.31péntek,27.4,17.2,3.4,0.9
2018.06.01péntek,28.4,18.1,2.5,0
2018.06.02szombat,26.9,18.5,4,0
2018.06.03vasárnap,27.2,20,5.8,0
2018.06.04hétfő,26.4,17.3,2.9,2.4
2018.06.05kedd,26.4,17.9,2.1,6.5
2018.06.06szerda,21.7,17.3,6,18.7
2018.06.07csütörtök,23.4,16.2,5.2,0.9
2018.06.08péntek,24.6,17.6,3,26.1
2018.06.09szombat,23.6,17.7,3.1,31
2018.06.10vasárnap,27.8,19.1,2.4,0
2018.06.11hétfő,28.5,21.5,3.4,0
2018.06.12kedd,27.7,19.2,4.5,9
2018.06.13szerda,24.9,18,4.3,1.7
2018.06.14csütörtök,20.6,17,4.5,10.8
2018.06.15péntek,19.8,17.4,5.3,6.2
2018.06.16szombat,24.1,18.2,5.9,0
2018.06.17vasárnap,25.1,18.8,4.3,0
2018.06.18hétfő,25.4,18.2,5.1,0.3
2018.06.19kedd,26.7,19.3,3.9,2.7
2018.06.20szerda,27.5,20.4,2.5,0
2018.06.21csütörtök,27.9,20.1,3.8,0.6
2018.06.22péntek,19,13.7,7.6,6.3
2018.06.23szombat,19.1,11,5.1,0
2018.06.24vasárnap,18.5,10.4,5.4,0
2018.06.25hétfő,20.8,10.4,2.7,0
2018.06.26kedd,21.9,11.6,3,0.3
2018.06.27szerda,22.3,13.3,6.3,1.3
2018.06.28csütörtök,21.9,15.8,6.5,11.9
2018.06.29péntek,25.5,18.2,5.2,8.4
2018.06.30szombat,20.8,14.1,7.7,0
2018.05.01kedd,23.5,14,3.8,0.6
2018.05.02szerda,24.6,15,3.9,8.4
2018.05.03csütörtök,24.9,15,4.6,0
2018.05.04péntek,26.6,15,4.4,1.2
2018.05.05szombat,27.6,18.6,6.2,0
2018.05.06vasárnap,23.5,17.3,6.3,0
2018.05.07hétfő,22.6,15.2,6,0
2018.05.08kedd,20.7,13,4.7,0.4
2018.05.09szerda,23.6,13.4,2.7,5.2
2018.05.10csütörtök,24.5,16.4,4.3,3.3
2018.05.11péntek,24.9,14.2,2,1.7
2018.05.12szombat,23.2,16.4,3.6,0
2018.05.13vasárnap,22.5,13.4,5.3,0.1
2018.05.14hétfő,20,13.7,5.7,0
2018.05.15kedd,18.2,11.4,5.2,8.9
2018.05.16szerda,17.7,9.4,6.5,0.8
2018.05.17csütörtök,18.2,12.8,7.6,1.5
2018.05.18péntek,22.4,14.1,7.1,1.8
2018.05.19szombat,22.7,12.7,3.9,1.4
2018.05.20vasárnap,21.9,11.3,4.9,0
2018.05.21hétfő,22.4,14,6.1,0
2018.05.22kedd,21.2,13.6,4.8,0.6
2018.05.23szerda,23,15.7,3.2,1.3
2018.05.24csütörtök,25.9,16.4,5.7,0
2018.05.25péntek,23.1,18.1,4.8,0
2018.05.26szombat,26.2,16.2,2,0
2018.05.27vasárnap,25,17.2,2.1,4.3
2018.05.28hétfő,26.6,17.3,3.3,0
2018.05.29kedd,23.8,18.2,5.2,0.4
2018.05.30szerda,25.4,16.2,5.4,0
2018.05.31csütörtök,27.3,17,3.5,0
2018.01.01hétfő,7,1.6,5,0.3
2018.01.02kedd,4.8,1.2,7.8,8.7
2018.01.03szerda,4.1,-1,7.4,6.1
2018.01.04csütörtök,7.7,2.8,6.2,0.3
2018.01.05péntek,8.6,2.9,3.5,1.1
2018.01.06szombat,12.5,6.4,4.7,0.4
2018.01.07vasárnap,9.6,4,3.2,0.1
2018.01.08hétfő,8.3,5.7,4,0.3
2018.01.09kedd,7.4,4.7,5.5,0
2018.01.10szerda,5.4,3.7,6.3,1.3
2018.01.11csütörtök,6.2,2.8,3,3.1
2018.01.12péntek,4.6,2.6,3.9,4
2018.01.13szombat,2.4,-0.7,7.6,2.6
2018.01.14vasárnap,-0.6,-3.4,5,3.6
2018.01.15hétfő,-2.4,-5.2,2.9,0.9
2018.01.16kedd,1.3,-3.7,5.4,2.7
2018.01.17szerda,3,-4.7,8.4,0
2018.01.18csütörtök,3.5,-1,7.3,0.3
2018.01.19péntek,4.6,-0.3,7.1,1.2
2018.01.20szombat,3.1,-4.1,3.8,0.1
2018.01.21vasárnap,2.2,-2.2,9.4,6.2
2018.01.22hétfő,1.3,-3.4,7.1,0
2018.01.23kedd,-0.7,-7.9,2,0.7
2018.01.24szerda,-2.3,-12.5,2.8,0.3
2018.01.25csütörtök,1.4,-5.9,4.6,1.4
2018.01.26péntek,0.2,-5.1,3.8,0
2018.01.27szombat,2,-4.3,3,0.1
2018.01.28vasárnap,3.9,-2.8,3.7,0.1
2018.01.29hétfő,8.5,0.9,4.8,0.1
2018.01.30kedd,6.6,-0.9,7.8,0
2018.01.31szerda,4.7,-2.2,4.1,0.1
2018.03.01csütörtök,-7.4,-12.9,4.3,0.7
2018.03.02péntek,-6.3,-9.9,4.7,2.5
2018.03.03szombat,-4.4,-13.5,3.5,0.1
2018.03.04vasárnap,-3.6,-16.6,4,0.1
2018.03.05hétfő,-2.4,-17.4,4,0.4
2018.03.06kedd,1.8,-2,4.7,6.3
2018.03.07szerda,6,-2.6,2.9,0.2
2018.03.08csütörtök,6.4,-2.8,3.8,1.8
2018.03.09péntek,9.3,-2,3.5,0
2018.03.10szombat,9.7,1.3,5.2,0.5
2018.03.11vasárnap,12.3,4.9,5.6,3.6
2018.03.12hétfő,13.4,9.4,7.2,7.3
2018.03.13kedd,12.6,6.1,5.9,2.9
2018.03.14szerda,10.9,5.3,7,0.2
2018.03.15csütörtök,10.2,4.4,4.4,2.5
2018.03.16péntek,9.9,6.2,6,18.6
2018.03.17szombat,5.8,0.6,6.5,1.5
2018.03.18vasárnap,-0.4,-4.7,10.4,13.4
2018.03.19hétfő,0.6,-6.5,3.6,1.1
2018.03.20kedd,0,-4.1,5.5,1.6
2018.03.21szerda,2.8,-3.5,5.4,0.7
2018.03.22csütörtök,2.8,-7.8,2.2,0
2018.03.23péntek,6.1,-6.1,2.1,0
2018.03.24szombat,6.3,-3.5,3.8,0
2018.03.25vasárnap,7.8,-3.6,5.7,0
2018.03.26hétfő,8.6,-2.1,2.6,0
2018.03.27kedd,9.3,1.9,4.9,0
2018.03.28szerda,10.6,-0.7,4.1,1.3
2018.03.29csütörtök,11.1,3.2,4.8,1.8
2018.03.30péntek,11.9,4.2,4.1,5.4
2018.03.31szombat,14.2,7.4,7.1,5.1
2018.09.01szombat,28.9,16.4,3.5,1.8
2018.09.02vasárnap,27.4,17.6,4.4,2.7
2018.09.03hétfő,22.2,17.3,5.2,3.7
2018.09.04kedd,18.4,16.4,2.4,20.5
2018.09.05szerda,24.3,15.8,3.5,0.1
2018.09.06csütörtök,22.3,14.6,2.1,0.2
2018.09.07péntek,23.7,11.3,2.1,0
2018.09.08szombat,24.4,14.9,4.2,0
2018.09.09vasárnap,23.7,12.6,2.5,0
2018.09.10hétfő,23.8,11.9,2.7,0
2018.09.11kedd,25.1,12.5,4.9,0
2018.09.12szerda,26.7,13,2.1,0
2018.09.13csütörtök,28.2,13.1,2,0
2018.09.14péntek,26,16.2,2.1,0
2018.09.15szombat,25.9,17.9,6.1,0
2018.09.16vasárnap,22,13.5,3.4,0
2018.09.17hétfő,26.8,11.5,3,0
2018.09.18kedd,25.4,10.9,2.3,0
2018.09.19szerda,27.3,11.3,3,0
2018.09.20csütörtök,28,12,2.1,0
2018.09.21péntek,28.5,13.6,3.9,0
2018.09.22szombat,17.5,12.2,9.5,0.3
2018.09.23vasárnap,18.3,9.5,5.4,0
2018.09.24hétfő,18.9,10.6,10.1,3.1
2018.09.25kedd,14.4,7.6,6.8,0
2018.09.26szerda,14.1,3.9,4,0
2018.09.27csütörtök,18.5,2.8,3.8,0
2018.09.28péntek,18.1,4.6,3.1,0
2018.09.29szombat,15.1,7,4.7,0.7
2018.09.30vasárnap,15.7,4,4.4,0
2018.10.01hétfő,18,6.4,4.4,0.2
2018.10.02kedd,14.3,6.8,6.3,0.8
2018.10.03szerda,16.8,3.5,7.4,0.1
2018.10.04csütörtök,15.7,5.7,4.3,0
2018.10.05péntek,17.1,2.9,3.7,0
2018.10.06szombat,20.3,4,5.1,0
2018.10.07vasárnap,20.3,12.7,4.4,0
2018.10.08hétfő,19.6,11.9,2.6,0.4
2018.10.09kedd,22.7,10,3.1,0
2018.10.10szerda,23.1,9.2,2.7,0
2018.10.11csütörtök,22.3,9,3.3,0
2018.10.12péntek,21,8.6,2.9,0
2018.10.13szombat,21.4,8.2,2.4,0
2018.10.14vasárnap,19.5,8.3,4.3,0
2018.10.15hétfő,19.4,7.5,4.8,0
2018.10.16kedd,18.8,8.5,4.9,0
2018.10.17szerda,21.2,8.8,3.2,0
2018.10.18csütörtök,21.1,9.4,2,0
2018.10.19péntek,21,8.9,2.3,0
2018.10.20szombat,19.6,7.2,5.2,0
2018.02.01csütörtök,8.3,3.8,7.4,6.9
2018.02.02péntek,8.7,4,4.7,7.5
2018.02.03szombat,2.4,0.2,7.6,13.5
2018.02.04vasárnap,2.4,-1.9,6.9,0
2018.02.05hétfő,1.9,-4.4,1.7,0.1
2018.02.06kedd,0.2,-2,4.2,1.6
2018.02.07szerda,2.3,-3.3,5.7,3.6
2018.02.08csütörtök,2.8,0.1,4.8,7.4
2018.02.09péntek,1.4,-2.8,3.6,0.4
2018.02.10szombat,1.1,-2.2,2.1,0.6
2018.02.11vasárnap,1.8,-4.7,2,0.2
2018.02.12hétfő,3.3,-3.5,2,0.2
2018.02.13kedd,2.6,-2,5,1.1
2018.02.14szerda,1.7,-1,4.5,2.8
2018.02.15csütörtök,2.1,-4.6,2,0.1
2018.02.16péntek,2.4,-7,2.1,1
2018.02.17szombat,2,-2.6,3.6,2.3
2018.02.18vasárnap,3.3,-4.3,3.2,5.2
2018.02.19hétfő,1,-9.3,3.8,1.6
2018.02.20kedd,0.9,-1.6,4.3,8.6
2018.02.21szerda,1.7,-0.9,4.5,3.9
2018.02.22csütörtök,0.4,-3,6.2,2.3
2018.02.23péntek,2,-3.5,4.4,0.2
2018.02.24szombat,-0.1,-9.3,6.2,1.4
2018.02.25vasárnap,-6.6,-11.9,5.7,0
2018.02.26hétfő,-6.1,-11.3,6.9,0.8
2018.02.27kedd,-7.2,-9.7,6.6,1.9
2018.02.28szerda,-6.5,-13.1,3.9,0.2
2018.07.01vasárnap,19.2,13.3,4.2,0
2018.07.02hétfő,21,9.6,3.6,0
2018.07.03kedd,22.9,11.5,3,0
2018.07.04szerda,26.2,12,2.5,0
2018.07.05csütörtök,27.9,14.9,2.9,1.1
2018.07.06péntek,27.8,17,3.5,6.3
2018.07.07szombat,24.7,17.3,5.1,10.1
2018.07.08vasárnap,23.6,15.1,4.8,0
2018.07.09hétfő,26.3,15.7,3,0.3
2018.07.10kedd,25.4,16.1,2,0.7
2018.07.11szerda,22,16.9,6,3.9
2018.07.12csütörtök,23.8,13.6,4.9,3
2018.07.13péntek,25.1,15.5,6.2,0
2018.07.14szombat,25.1,16.7,5.5,0
2018.07.15vasárnap,25.9,15.5,4.7,0
2018.07.16hétfő,26.2,15.4,4.7,0
2018.07.17kedd,26.7,15.3,5.5,0
2018.07.18szerda,22.8,19,10.9,1.3
2018.07.19csütörtök,22.5,18.9,9.2,3.7
2018.07.20péntek,25.3,18.3,4.8,3
2018.07.21szombat,26.1,17.7,2.5,0
2018.07.22vasárnap,25.8,17.8,3.1,21.4
2018.07.23hétfő,24,17.9,4.5,20.3
2018.07.24kedd,27.9,17.4,4.7,0
2018.07.25szerda,28.1,17.7,3.1,0
2018.07.26csütörtök,27.1,17.9,2.1,1.6
2018.07.27péntek,27.2,20.5,3.5,6.3
2018.07.28szombat,28.3,19.3,2.9,2.5
2018.07.29vasárnap,30.1,21.7,3.6,6.5
2018.07.30hétfő,28.4,21.5,3.9,0.9
2018.07.31kedd,30.3,22.6,4,1
2018.04.01vasárnap,10.5,6.3,9.7,0.2
2018.04.02hétfő,11.2,5.2,9.5,0.1
2018.04.03kedd,15.3,6.4,7.3,0
2018.04.04szerda,17.2,9.1,7,0
2018.04.05csütörtök,17.7,10.7,7.4,0.2
2018.04.06péntek,14.7,9,7.8,0
2018.04.07szombat,16.1,7.2,4,0.1
2018.04.08vasárnap,18.8,8.2,8,0
2018.04.09hétfő,21,11.6,6.3,0.6
2018.04.10kedd,17.4,10.7,6.8,0
2018.04.11szerda,17.1,8.9,5.8,0
2018.04.12csütörtök,22.1,11,4.8,0
2018.04.13péntek,18.5,13.4,4.8,0.6
2018.04.14szombat,21.2,10.5,3,0
2018.04.15vasárnap,22.9,13.3,5.2,0
2018.04.16hétfő,19,15.1,5.2,2.3
2018.04.17kedd,19.9,12.9,4.1,4.8
2018.04.18szerda,20.1,14.5,4.3,3.5
2018.04.19csütörtök,20.9,10.6,5,0
2018.04.20péntek,19.8,10.6,3.4,0
2018.04.21szombat,19.9,8.9,2.8,0
2018.04.22vasárnap,22.8,10,2.5,0
2018.04.23hétfő,25.3,13.2,4,0.7
2018.04.24kedd,22.6,14.5,5.3,2.1
2018.04.25szerda,24.7,12.8,5.1,0.1
2018.04.26csütörtök,22.5,13.9,7,1.2
2018.04.27péntek,18.4,10.9,5.9,0
2018.04.28szombat,24.7,10.8,4.6,2.3
2018.04.29vasárnap,23.3,16.2,5.8,9.9
2018.04.30hétfő,23.8,16,5.1,7.7
